"Fecha","Cierre","Apertura","Máximo","Mínimo","Vol.","% var."
"07.04.2023","1,965.44","1,965.49","1,970.53","1,963.21","857.82M","0.21%"
"06.04.2023","1,961.28","1,966.67","1,968.64","1,958.82","1.18B","-1.14%"
"05.04.2023","1,983.84","2,006.80","2,007.89","1,982.22","1.20B","-1.92%"
"04.04.2023","2,022.76","2,019.60","2,023.63","2,014.10","1.21B","0.25%"
"03.04.2023","2,017.68","2,015.05","2,020.84","2,009.03","1.22B","0.71%"
"31.03.2023","2,003.50","1,999.15","2,010.52","1,998.33","1.46B","1.02%"
"30.03.2023","1,983.32","1,984.61","1,988.36","1,974.13","1.30B","-0.61%"
"29.03.2023","1,995.48","1,971.24","1,995.48","1,967.60","1.40B","1.46%"
"28.03.2023","1,966.67","1,972.83","1,975.04","1,960.45","1.07B","0.25%"
"27.03.2023","1,961.84","1,963.67","1,966.82","1,955.58","987.09M","0.33%"
"24.03.2023","1,955.32","1,950.55","1,958.15","1,946.32","1.04B","-0.10%"
"23.03.2023","1,957.32","1,944.37","1,960.14","1,938.85","1.07B","-0.29%"
"22.03.2023","1,962.93","1,956.51","1,968.70","1,955.69","1.28B","1.74%"
"20.03.2023","1,929.30","1,949.83","1,956.91","1,929.30","1.38B","-1.54%"
"17.03.2023","1,959.42","1,952.46","1,961.06","1,947.25","1.67B","1.15%"
"16.03.2023","1,937.10","1,929.06","1,939.58","1,910.60","1.69B","-1.17%"
"15.03.2023","1,960.12","1,966.67","1,971.02","1,952.18","1.37B","0.65%"
"14.03.2023","1,947.54","1,973.92","1,974.07","1,935.62","1.94B","-2.67%"
"13.03.2023","2,000.99","2,010.90","2,011.35","1,987.00","1.52B","-1.51%"
"10.03.2023","2,031.58","2,048.99","2,053.21","2,030.29","1.73B","-1.91%"
"09.03.2023","2,071.09","2,063.71","2,071.60","2,063.11","1.24B","0.97%"
"08.03.2023","2,051.21","2,040.54","2,053.01","2,040.54","1.14B","0.30%"
"07.03.2023","2,044.98","2,035.00","2,046.11","2,034.82","1.16B","0.42%"
"06.03.2023","2,036.49","2,033.10","2,038.72","2,030.98","1.12B","0.84%"
"03.03.2023","2,019.52","2,005.31","2,021.43","2,001.98","1.30B","1.25%"
"02.03.2023","1,994.57","2,001.67","2,004.54","1,991.10","1.15B","-0.16%"
"01.03.2023","1,997.81","1,989.38","1,997.81","1,984.88","1.17B","0.23%"
"28.02.2023","1,993.28","1,997.64","2,001.42","1,990.61","1.44B","0.03%"
"27.02.2023","1,992.78","1,983.27","1,993.82","1,983.16","1.02B","0.22%"
"24.02.2023","1,988.40","1,976.25","1,989.87","1,974.70","1.27B","0.67%"
"22.02.2023","1,975.25","1,985.10","1,987.38","1,970.20","1.24B","-1.11%"
"21.02.2023","1,997.46","1,998.36","2,003.46","1,992.39","1.05B","-0.11%"
"20.02.2023","1,999.71","1,995.35","2,000.04","1,989.61","1.05B","0.39%"
"17.02.2023","1,991.93","1,988.21","1,997.24","1,987.17","1.14B","-0.46%"
"16.02.2023","2,001.09","1,996.09","2,002.22","1,993.35","1.18B","0.67%"
"15.02.2023","1,987.74","1,998.15","1,999.66","1,984.64","1.23B","-0.27%"
"14.02.2023","1,993.09","1,994.70","1,996.80","1,987.80","1.05B","0.78%"
"13.02.2023","1,977.67","1,984.37","1,987.01","1,968.78","1.20B","-0.47%"
"10.02.2023","1,986.96","1,983.85","1,999.37","1,980.31","1.43B","0.10%"
"09.02.2023","1,985.00","1,976.31","1,987.92","1,975.85","1.08B","0.05%"
"08.02.2023","1,983.97","1,986.40","1,991.49","1,979.45","1.13B","0.03%"
"07.02.2023","1,983.40","1,984.92","1,989.57","1,982.01","1.16B","0.21%"
"06.02.2023","1,979.22","1,984.28","1,989.05","1,976.30","1.35B","0.45%"
"03.02.2023","1,970.26","1,962.73","1,974.66","1,960.72","1.44B","0.26%"
"02.02.2023","1,965.17","1,974.90","1,975.80","1,961.82","1.24B","-0.36%"
"01.02.2023","1,972.23","1,984.12","1,989.46","1,971.54","1.15B","-0.15%"
"31.01.2023","1,975.27","1,987.55","1,991.14","1,973.45","1.25B","-0.36%"
"30.01.2023","1,982.40","1,981.93","1,986.96","1,977.56","1.17B","-0.01%"
"27.01.2023","1,982.66","1,983.68","1,985.03","1,976.61","1.14B","0.22%"
"26.01.2023","1,978.40","1,983.35","1,987.63","1,974.03","1.03B","-0.12%"
"25.01.2023","1,980.69","1,967.64","1,983.74","1,967.38","1.02B","0.39%"
"24.01.2023","1,972.92","1,958.89","1,974.26","1,958.89","1.15B","1.42%"
"23.01.2023","1,945.38","1,944.91","1,947.88","1,937.44","1.03B","0.96%"
"20.01.2023","1,926.87","1,913.70","1,927.60","1,911.65","981.70M","0.59%"
"19.01.2023","1,915.62","1,922.47","1,927.45","1,914.61","1.08B","-1.00%"
"18.01.2023","1,934.93","1,909.25","1,936.05","1,902.35","1.44B","1.68%"
"17.01.2023","1,902.89","1,891.61","1,904.71","1,888.85","1.09B","0.88%"
"16.01.2023","1,886.31","1,892.13","1,896.78","1,885.69","1.18B","-0.88%"
"13.01.2023","1,903.08","1,902.94","1,914.94","1,899.43","1.52B","-0.27%"
"12.01.2023","1,908.18","1,905.26","1,910.22","1,899.28","1.28B","0.36%"
"11.01.2023","1,901.25","1,890.55","1,901.91","1,890.24","1.09B","1.08%"
"10.01.2023","1,880.88","1,887.69","1,894.22","1,879.67","1.14B","0.27%"
"06.01.2023","1,875.76","1,865.07","1,879.92","1,863.39","1.11B","0.37%"
"05.01.2023","1,868.90","1,868.45","1,874.17","1,864.08","1.17B","0.04%"
"04.01.2023","1,868.15","1,879.19","1,879.51","1,862.27","1.30B","-1.25%"
"30.12.2022","1,891.71","1,902.27","1,906.18","1,891.46","904.96M","-0.19%"
"29.12.2022","1,895.27","1,892.39","1,895.34","1,880.88","1.05B","-0.72%"
"28.12.2022","1,909.02","1,906.75","1,909.32","1,898.54","1.08B","-0.06%"
"27.12.2022","1,910.15","1,914.39","1,918.25","1,909.70","918.40M","0.40%"
"26.12.2022","1,902.52","1,900.36","1,908.52","1,897.17","850.03M","0.24%"
"23.12.2022","1,897.94","1,893.94","1,899.75","1,887.73","1.20B","-0.54%"
"22.12.2022","1,908.17","1,902.57","1,909.70","1,896.80","1.18B","0.78%"
"21.12.2022","1,893.32","1,905.56","1,911.36","1,890.75","1.82B","-0.64%"
"20.12.2022","1,905.59","1,938.12","1,944.42","1,894.47","1.89B","-1.54%"
"19.12.2022","1,935.41","1,936.57","1,944.71","1,934.52","1.01B","-0.76%"
"16.12.2022","1,950.21","1,956.15","1,959.66","1,948.67","1.42B","-1.20%"
"15.12.2022","1,973.90","1,967.35","1,978.93","1,966.99","954.20M","-0.18%"
"14.12.2022","1,977.42","1,966.50","1,977.97","1,966.36","993.20M","0.60%"
"13.12.2022","1,965.68","1,973.57","1,976.18","1,964.63","1.01B","0.43%"
"12.12.2022","1,957.33","1,952.23","1,960.36","1,951.78","957.09M","-0.22%"
"09.12.2022","1,961.56","1,948.00","1,965.37","1,948.00","1.16B","1.03%"
"08.12.2022","1,941.50","1,943.06","1,944.00","1,929.50","1.14B","-0.35%"
"07.12.2022","1,948.31","1,939.26","1,954.42","1,938.30","1.11B","-0.10%"
"06.12.2022","1,950.22","1,942.53","1,953.55","1,942.28","1.06B","0.12%"
"05.12.2022","1,947.90","1,953.00","1,953.67","1,941.17","1.14B","-0.31%"
"02.12.2022","1,953.98","1,969.34","1,969.34","1,945.48","1.37B","-1.64%"
"01.12.2022","1,986.46","1,996.72","2,001.06","1,986.46","1.29B","0.04%"
"30.11.2022","1,985.57","1,985.11","1,987.30","1,976.33","1.70B","-0.37%"
"29.11.2022","1,992.97","1,993.90","1,995.97","1,985.60","1.19B","-0.57%"
"28.11.2022","2,004.31","2,018.61","2,019.79","1,997.82","1.18B","-0.68%"
"25.11.2022","2,018.00","2,019.50","2,020.94","2,013.78","1.05B","-0.04%"
"24.11.2022","2,018.80","2,014.11","2,023.39","2,013.68","1.35B","1.21%"
"22.11.2022","1,994.75","1,983.10","1,998.61","1,982.72","1.24B","1.12%"
"21.11.2022","1,972.57","1,972.49","1,975.14","1,965.64","1.01B","0.28%"
"18.11.2022","1,967.03","1,971.79","1,976.33","1,966.06","1.17B","0.04%"
"17.11.2022","1,966.28","1,962.79","1,972.75","1,962.79","1.11B","0.15%"
"16.11.2022","1,963.29","1,964.48","1,966.78","1,948.89","1.27B","-0.05%"
"15.11.2022","1,964.22","1,958.22","1,966.49","1,957.44","1.26B","0.37%"
"14.11.2022","1,956.90","1,974.87","1,975.86","1,956.90","1.50B","-1.05%"
"11.11.2022","1,977.76","1,963.65","1,980.01","1,961.75","1.78B","2.12%"
"10.11.2022","1,936.66","1,934.55","1,939.10","1,930.66","1.30B","-0.66%"
"09.11.2022","1,949.49","1,957.48","1,959.14","1,946.22","1.32B","-0.41%"
"08.11.2022","1,957.56","1,945.00","1,961.74","1,944.93","1.38B","1.21%"
"07.11.2022","1,934.09","1,929.57","1,938.28","1,927.27","1.26B","0.98%"
"04.11.2022","1,915.40","1,925.04","1,926.98","1,907.61","1.68B","-1.29%"
"02.11.2022","1,940.46","1,933.42","1,944.95","1,933.42","1.46B","0.10%"
"01.11.2022","1,938.50","1,934.45","1,938.98","1,930.30","1.27B","0.47%"
"31.10.2022","1,929.43","1,916.08","1,929.43","1,915.62","1.27B","1.60%"
"28.10.2022","1,899.05","1,894.93","1,908.58","1,892.33","2.49B","-0.34%"
"27.10.2022","1,905.56","1,916.86","1,916.86","1,905.48","1.11B","-0.66%"
"26.10.2022","1,918.21","1,916.61","1,925.70","1,916.38","1.08B","0.58%"
"25.10.2022","1,907.14","1,898.13","1,912.61","1,895.71","1.07B","1.06%"
"24.10.2022","1,887.19","1,902.58","1,904.35","1,886.97","1.07B","0.28%"
"21.10.2022","1,881.98","1,889.21","1,891.49","1,881.98","1.06B","-0.71%"
"20.10.2022","1,895.41","1,890.05","1,899.25","1,886.96","1.09B","-0.51%"
"19.10.2022","1,905.06","1,901.42","1,910.91","1,901.42","1.02B","0.19%"
"18.10.2022","1,901.44","1,902.00","1,905.34","1,889.59","1.15B","1.16%"
"17.10.2022","1,879.56","1,881.23","1,884.43","1,875.24","1.09B","-0.98%"
"14.10.2022","1,898.19","1,882.05","1,906.07","1,880.62","1.36B","2.35%"
"13.10.2022","1,854.61","1,866.09","1,866.83","1,854.61","1.08B","-0.77%"
"12.10.2022","1,869.00","1,867.27","1,876.01","1,865.64","1.19B","-0.12%"
"11.10.2022","1,871.24","1,887.69","1,888.60","1,867.53","1.34B","-1.86%"
"07.10.2022","1,906.80","1,898.37","1,913.59","1,896.41","1.15B","-0.82%"
"06.10.2022","1,922.47","1,914.12","1,930.47","1,914.12","1.18B","0.50%"
"05.10.2022","1,912.92","1,922.22","1,924.53","1,909.35","1.22B","0.32%"
"04.10.2022","1,906.89","1,876.99","1,907.36","1,876.26","1.42B","3.21%"
"03.10.2022","1,847.58","1,827.32","1,848.04","1,815.30","1.31B","0.63%"
"30.09.2022","1,835.94","1,857.77","1,861.10","1,830.55","1.56B","-1.76%"
"29.09.2022","1,868.80","1,856.08","1,872.44","1,853.17","1.44B","0.74%"
"28.09.2022","1,855.15","1,861.52","1,866.44","1,836.89","1.60B","-0.95%"
"27.09.2022","1,873.01","1,872.71","1,883.30","1,870.89","1.20B","0.47%"
"26.09.2022","1,864.28","1,892.16","1,892.16","1,863.93","1.58B","-2.71%"
"22.09.2022","1,916.12","1,904.17","1,918.75","1,903.14","1.20B","-0.24%"
"21.09.2022","1,920.80","1,932.97","1,934.68","1,920.80","1.12B","-1.36%"
"20.09.2022","1,947.27","1,951.10","1,956.96","1,944.34","1.07B","0.45%"
"16.09.2022","1,938.56","1,937.84","1,943.67","1,934.35","1.46B","-0.61%"
"15.09.2022","1,950.43","1,948.49","1,954.38","1,946.37","935.27M","0.15%"
"14.09.2022","1,947.46","1,955.39","1,957.05","1,941.00","1.24B","-1.97%"
"13.09.2022","1,986.57","1,981.38","1,987.55","1,977.09","968.63M","0.32%"
"12.09.2022","1,980.22","1,981.52","1,984.93","1,974.34","968.41M","0.75%"
"09.09.2022","1,965.53","1,958.43","1,969.11","1,957.71","1.28B","0.40%"
"08.09.2022","1,957.62","1,933.79","1,957.62","1,933.64","1.26B","2.19%"
"07.09.2022","1,915.65","1,920.87","1,921.23","1,906.26","1.17B","-0.57%"
"06.09.2022","1,926.58","1,929.53","1,939.05","1,922.34","894.64M","-0.11%"
"05.09.2022","1,928.79","1,925.82","1,932.37","1,920.49","853.02M","-0.07%"
"02.09.2022","1,930.17","1,938.99","1,939.80","1,920.68","1.08B","-0.27%"
"01.09.2022","1,935.49","1,945.70","1,950.21","1,934.90","1.14B","-1.41%"
"31.08.2022","1,963.16","1,951.10","1,963.16","1,950.46","1.38B","-0.27%"
"30.08.2022","1,968.38","1,957.45","1,969.71","1,954.57","1.05B","1.25%"
"29.08.2022","1,944.10","1,947.54","1,949.04","1,935.77","1.12B","-1.79%"
"26.08.2022","1,979.59","1,983.89","1,989.17","1,978.92","906.53M","0.15%"
"25.08.2022","1,976.60","1,972.77","1,980.03","1,968.71","961.86M","0.48%"
"24.08.2022","1,967.18","1,973.08","1,976.46","1,964.28","1.06B","-0.22%"
"23.08.2022","1,971.44","1,980.27","1,980.42","1,968.30","1.01B","-1.06%"
"22.08.2022","1,992.59","1,979.32","1,992.85","1,975.98","964.93M","-0.10%"
"19.08.2022","1,994.52","2,000.08","2,003.09","1,990.84","1.07B","0.20%"
"18.08.2022","1,990.50","1,992.38","1,994.22","1,985.13","1.03B","-0.82%"
"17.08.2022","2,006.99","1,989.68","2,006.99","1,989.01","1.18B","1.26%"
"16.08.2022","1,981.96","1,982.17","1,983.09","1,976.88","1.01B","-0.15%"
"15.08.2022","1,984.96","1,975.34","1,985.84","1,974.50","1.04B","0.60%"
"12.08.2022","1,973.18","1,954.30","1,973.18","1,952.34","1.51B","2.04%"
"10.08.2022","1,933.65","1,935.87","1,937.28","1,924.60","1.11B","-0.17%"
"09.08.2022","1,937.02","1,950.32","1,952.95","1,935.99","1.17B","-0.74%"
"08.08.2022","1,951.41","1,939.98","1,951.53","1,939.55","1.17B","0.22%"
"05.08.2022","1,947.17","1,926.63","1,947.54","1,926.63","1.26B","0.85%"
"04.08.2022","1,930.73","1,938.07","1,938.66","1,927.72","1.34B","0.00%"
"03.08.2022","1,930.77","1,926.60","1,933.81","1,924.29","1.22B","0.27%"
"02.08.2022","1,925.49","1,947.68","1,948.22","1,923.52","1.20B","-1.77%"
"01.08.2022","1,960.11","1,943.06","1,960.11","1,937.58","1.28B","1.02%"
"29.07.2022","1,940.31","1,950.86","1,952.72","1,935.27","1.34B","-0.44%"
"28.07.2022","1,948.85","1,954.43","1,956.16","1,939.77","1.41B","0.16%"
"27.07.2022","1,945.75","1,938.82","1,949.54","1,935.40","956.81M","0.13%"
"26.07.2022","1,943.17","1,944.08","1,947.15","1,939.11","905.63M","0.00%"
"25.07.2022","1,943.21","1,944.63","1,953.76","1,940.60","857.82M","-0.65%"
"22.07.2022","1,955.97","1,945.54","1,958.64","1,943.44","1.03B","0.28%"
"21.07.2022","1,950.59","1,938.76","1,951.01","1,935.96","1.00B","0.21%"
"20.07.2022","1,946.44","1,927.14","1,946.44","1,926.65","1.15B","2.29%"
"19.07.2022","1,902.79","1,906.23","1,906.86","1,891.36","1.00B","0.54%"
"15.07.2022","1,892.50","1,896.65","1,901.10","1,879.18","1.12B","-0.03%"
"14.07.2022","1,893.13","1,877.43","1,896.40","1,875.17","1.00B","0.23%"
"13.07.2022","1,888.85","1,887.90","1,893.77","1,885.03","920.38M","0.29%"
"12.07.2022","1,883.30","1,907.68","1,908.75","1,879.22","1.09B","-1.64%"
"11.07.2022","1,914.66","1,912.82","1,924.64","1,903.96","1.18B","1.44%"
"08.07.2022","1,887.43","1,889.43","1,907.76","1,884.07","1.50B","0.27%"
"07.07.2022","1,882.33","1,869.29","1,884.33","1,857.10","1.31B","1.42%"
"06.07.2022","1,855.97","1,864.66","1,867.49","1,851.42","1.42B","-1.23%"
"05.07.2022","1,879.12","1,882.09","1,886.16","1,872.04","1.07B","0.50%"
"04.07.2022","1,869.71","1,859.78","1,870.83","1,856.01","1.13B","1.34%"
"01.07.2022","1,845.04","1,875.59","1,881.32","1,836.73","1.39B","-1.38%"
"30.06.2022","1,870.82","1,887.08","1,891.02","1,867.49","1.40B","-1.20%"
"29.06.2022","1,893.57","1,893.14","1,898.74","1,889.74","1.70B","-0.72%"
"28.06.2022","1,907.38","1,885.52","1,907.38","1,885.32","1.25B","1.06%"
"27.06.2022","1,887.42","1,884.21","1,889.33","1,877.15","1.13B","1.11%"
"24.06.2022","1,866.72","1,851.56","1,866.85","1,846.55","1.26B","0.81%"
"23.06.2022","1,851.74","1,850.21","1,867.65","1,846.39","1.12B","-0.05%"
"22.06.2022","1,852.65","1,870.40","1,871.10","1,852.65","1.15B","-0.19%"
"21.06.2022","1,856.20","1,839.70","1,863.42","1,833.81","1.14B","2.05%"
"20.06.2022","1,818.94","1,845.98","1,846.66","1,808.77","1.22B","-0.92%"
"17.06.2022","1,835.90","1,837.57","1,843.52","1,819.11","1.90B","-1.71%"
"16.06.2022","1,867.81","1,877.86","1,893.44","1,866.00","1.15B","0.64%"
"15.06.2022","1,855.93","1,874.33","1,877.81","1,855.93","1.25B","-1.20%"
"14.06.2022","1,878.45","1,873.80","1,880.73","1,865.85","1.29B","-1.19%"
"13.06.2022","1,901.06","1,913.46","1,915.90","1,896.47","1.24B","-2.16%"
"10.06.2022","1,943.09","1,950.16","1,955.80","1,941.22","1.31B","-1.32%"
"09.06.2022","1,969.05","1,966.01","1,978.39","1,965.39","1.32B","-0.05%"
"08.06.2022","1,969.98","1,954.54","1,969.98","1,954.43","1.33B","1.18%"
"07.06.2022","1,947.03","1,946.59","1,956.10","1,943.79","1.20B","0.41%"
"06.06.2022","1,939.11","1,919.64","1,941.10","1,918.99","1.04B","0.31%"
"03.06.2022","1,933.14","1,937.90","1,941.13","1,924.96","1.15B","0.35%"
"02.06.2022","1,926.39","1,930.39","1,932.49","1,917.92","1.13B","-0.63%"
"01.06.2022","1,938.64","1,916.90","1,939.19","1,916.90","1.27B","1.36%"
"31.05.2022","1,912.67","1,917.11","1,926.00","1,911.02","2.33B","-0.51%"
"30.05.2022","1,922.44","1,905.42","1,926.18","1,902.79","1.73B","1.86%"
"27.05.2022","1,887.30","1,897.98","1,898.74","1,884.57","1.21B","0.52%"
"26.05.2022","1,877.58","1,878.95","1,891.91","1,877.58","1.12B","0.05%"
"25.05.2022","1,876.58","1,876.11","1,883.96","1,867.45","1.21B","-0.09%"
"24.05.2022","1,878.26","1,896.07","1,896.82","1,878.26","1.17B","-0.86%"
"23.05.2022","1,894.57","1,892.73","1,897.95","1,886.94","1.16B","0.92%"
"20.05.2022","1,877.37","1,861.87","1,878.83","1,859.88","1.32B","0.93%"
"19.05.2022","1,860.08","1,850.82","1,862.79","1,840.54","1.33B","-1.31%"
"18.05.2022","1,884.69","1,878.94","1,890.60","1,874.37","1.33B","0.96%"
"17.05.2022","1,866.71","1,865.35","1,871.71","1,859.86","1.38B","0.19%"
"16.05.2022","1,863.26","1,883.45","1,883.66","1,859.13","1.56B","-0.05%"
"13.05.2022","1,864.20","1,836.77","1,868.02","1,835.68","1.69B","1.91%"
"12.05.2022","1,829.18","1,837.03","1,848.19","1,826.51","1.52B","-1.19%"
"11.05.2022","1,851.15","1,854.40","1,860.03","1,845.29","1.40B","-0.60%"
"10.05.2022","1,862.38","1,861.43","1,867.32","1,840.00","1.41B","-0.85%"
"09.05.2022","1,878.39","1,899.84","1,902.72","1,878.31","1.30B","-1.96%"
"06.05.2022","1,915.91","1,902.40","1,919.61","1,890.32","1.54B","0.93%"
"02.05.2022","1,898.35","1,899.92","1,910.98","1,887.27","1.23B","-0.07%"
"28.04.2022","1,899.62","1,865.17","1,901.39","1,862.42","1.43B","2.09%"
"27.04.2022","1,860.76","1,853.39","1,861.45","1,842.78","1.71B","-0.94%"
"26.04.2022","1,878.51","1,881.49","1,885.47","1,872.30","1.08B","0.11%"
"25.04.2022","1,876.52","1,875.17","1,882.47","1,866.90","1.06B","-1.50%"
"22.04.2022","1,905.15","1,908.22","1,909.92","1,892.85","1.02B","-1.19%"
"21.04.2022","1,928.00","1,915.89","1,929.89","1,914.31","1.08B","0.67%"
"20.04.2022","1,915.15","1,911.72","1,926.21","1,905.90","1.19B","1.03%"
"19.04.2022","1,895.70","1,898.05","1,899.39","1,883.39","1.01B","0.83%"
"18.04.2022","1,880.08","1,880.76","1,885.39","1,863.59","877.13M","-0.86%"
"15.04.2022","1,896.31","1,890.72","1,902.74","1,881.46","930.13M","-0.62%"
"14.04.2022","1,908.05","1,894.84","1,908.27","1,892.51","1.06B","0.95%"
"13.04.2022","1,890.06","1,869.15","1,892.58","1,867.36","1.20B","1.42%"
"12.04.2022","1,863.63","1,880.22","1,883.11","1,861.16","1.21B","-1.38%"
"11.04.2022","1,889.64","1,892.70","1,897.55","1,881.82","1.19B","-0.38%"
"08.04.2022","1,896.79","1,904.37","1,906.76","1,883.56","1.31B","0.21%"
"07.04.2022","1,892.90","1,899.79","1,900.65","1,881.83","1.23B","-1.56%"
"06.04.2022","1,922.91","1,934.89","1,936.00","1,919.25","1.21B","-1.34%"
"05.04.2022","1,949.12","1,967.36","1,967.68","1,942.78","1.19B","-0.23%"
"04.04.2022","1,953.63","1,946.55","1,953.83","1,941.96","1.05B","0.48%"
"01.04.2022","1,944.27","1,933.04","1,947.90","1,921.15","1.19B","-0.11%"
"31.03.2022","1,946.40","1,952.96","1,970.22","1,946.40","1.34B","-1.08%"
"30.03.2022","1,967.60","1,980.01","1,982.59","1,949.87","1.40B","-1.21%"
"29.03.2022","1,991.66","1,985.39","1,991.66","1,978.44","1.36B","0.93%"
"28.03.2022","1,973.37","1,982.29","1,982.29","1,962.23","1.11B","-0.41%"
"25.03.2022","1,981.47","1,993.51","1,994.32","1,972.60","1.19B","0.00%"
"24.03.2022","1,981.56","1,958.21","1,981.56","1,952.45","1.24B","0.14%"
"23.03.2022","1,978.70","1,956.38","1,980.91","1,955.83","1.41B","2.33%"
"22.03.2022","1,933.74","1,922.93","1,936.95","1,922.64","1.53B","1.28%"
"18.03.2022","1,909.27","1,896.98","1,911.61","1,896.98","1.81B","0.54%"
"17.03.2022","1,899.01","1,880.32","1,902.97","1,879.73","1.47B","2.47%"
"16.03.2022","1,853.25","1,841.19","1,858.34","1,839.66","1.34B","1.46%"
"15.03.2022","1,826.63","1,811.51","1,834.17","1,810.92","1.22B","0.79%"
"14.03.2022","1,812.28","1,812.43","1,826.81","1,811.43","1.19B","0.71%"
"11.03.2022","1,799.54","1,811.26","1,814.60","1,788.58","1.42B","-1.67%"
"10.03.2022","1,830.03","1,786.75","1,831.02","1,786.37","1.50B","4.04%"
"09.03.2022","1,758.89","1,766.43","1,782.98","1,755.14","1.50B","-0.06%"
"08.03.2022","1,759.86","1,777.44","1,792.27","1,756.44","1.87B","-1.90%"
"07.03.2022","1,794.03","1,822.00","1,822.54","1,781.23","1.75B","-2.76%"
"04.03.2022","1,844.94","1,871.96","1,872.80","1,836.26","1.53B","-1.96%"
"03.03.2022","1,881.80","1,880.65","1,889.19","1,876.62","1.23B","1.18%"
"02.03.2022","1,859.94","1,875.11","1,876.33","1,857.97","1.43B","-1.96%"
"01.03.2022","1,897.17","1,903.34","1,911.17","1,896.20","1.25B","0.54%"
"28.02.2022","1,886.93","1,877.38","1,889.57","1,868.98","1.45B","0.57%"
"25.02.2022","1,876.24","1,865.42","1,878.92","1,862.24","1.34B","1.00%"
"24.02.2022","1,857.58","1,870.56","1,878.51","1,843.38","1.59B","-1.25%"
"22.02.2022","1,881.08","1,883.33","1,891.51","1,869.25","1.14B","-1.55%"
"21.02.2022","1,910.68","1,901.21","1,914.70","1,889.06","938.59M","-0.71%"
"18.02.2022","1,924.31","1,909.90","1,929.55","1,905.52","1.13B","-0.36%"
"17.02.2022","1,931.24","1,944.27","1,945.32","1,920.87","1.18B","-0.79%"
"16.02.2022","1,946.63","1,941.68","1,948.19","1,938.32","1.16B","1.67%"
"15.02.2022","1,914.70","1,933.76","1,934.18","1,906.57","1.34B","-0.83%"
"14.02.2022","1,930.65","1,938.03","1,940.63","1,914.34","1.38B","-1.63%"
"10.02.2022","1,962.61","1,963.76","1,969.73","1,949.80","1.40B","0.53%"
"09.02.2022","1,952.22","1,946.50","1,957.74","1,941.50","1.50B","0.94%"
"08.02.2022","1,934.06","1,931.50","1,942.28","1,930.80","1.29B","0.42%"
"07.02.2022","1,925.99","1,925.21","1,928.42","1,911.27","1.30B","-0.24%"
"04.02.2022","1,930.56","1,916.26","1,932.45","1,907.19","1.36B","0.55%"
"03.02.2022","1,919.92","1,925.27","1,929.19","1,917.31","1.29B","-0.86%"
"02.02.2022","1,936.56","1,909.43","1,937.50","1,908.13","1.37B","2.14%"
"01.02.2022","1,896.06","1,907.08","1,920.07","1,892.64","1.37B","0.01%"
"31.01.2022","1,895.93","1,872.88","1,900.94","1,862.31","1.31B","1.01%"
"28.01.2022","1,876.89","1,862.78","1,880.00","1,852.22","1.33B","1.87%"
"27.01.2022","1,842.44","1,902.24","1,906.22","1,835.26","1.55B","-2.61%"
"26.01.2022","1,891.85","1,900.37","1,905.95","1,885.68","1.03B","-0.25%"
"25.01.2022","1,896.62","1,919.53","1,920.38","1,881.89","1.32B","-1.72%"
"24.01.2022","1,929.87","1,911.24","1,933.43","1,903.75","1.08B","0.14%"
"21.01.2022","1,927.18","1,917.16","1,930.66","1,899.88","1.24B","-0.59%"
"20.01.2022","1,938.53","1,916.58","1,945.60","1,908.07","1.28B","0.98%"
"19.01.2022","1,919.72","1,954.10","1,958.20","1,913.47","1.51B","-2.97%"
"18.01.2022","1,978.38","1,995.29","2,003.69","1,969.70","1.23B","-0.42%"
"17.01.2022","1,986.71","1,987.32","2,000.16","1,983.71","995.87M","0.46%"
"14.01.2022","1,977.66","1,992.88","1,993.62","1,962.03","1.41B","-1.39%"
"13.01.2022","2,005.58","2,014.02","2,014.35","2,004.90","1.16B","-0.68%"
"12.01.2022","2,019.36","1,999.82","2,021.09","1,998.52","1.20B","1.64%"
"11.01.2022","1,986.82","1,993.61","1,996.05","1,972.13","1.25B","-0.44%"
"07.01.2022","1,995.68","2,009.30","2,017.10","1,981.52","1.29B","-0.07%"
"06.01.2022","1,997.01","2,028.22","2,030.63","1,997.01","1.21B","-2.07%"
"05.01.2022","2,039.27","2,038.79","2,042.00","2,033.28","1.26B","0.45%"
"04.01.2022","2,030.22","2,015.61","2,031.65","2,005.45","1.11B","1.90%"
"30.12.2021","1,992.33","1,991.58","2,000.77","1,980.19","729.84M","-0.33%"
"29.12.2021","1,998.99","2,001.14","2,008.24","1,991.63","852.58M","-0.30%"
"28.12.2021","2,005.02","1,995.13","2,005.05","1,991.33","952.49M","1.37%"
"27.12.2021","1,977.90","1,986.64","1,988.35","1,976.38","777.48M","-0.45%"
"24.12.2021","1,986.78","1,993.29","1,996.20","1,985.15","746.72M","-0.13%"
"23.12.2021","1,989.43","1,980.88","1,989.43","1,978.13","813.50M","0.91%"
"22.12.2021","1,971.51","1,976.82","1,979.55","1,966.43","874.92M","0.09%"
"21.12.2021","1,969.79","1,965.40","1,976.82","1,956.99","1.02B","1.47%"
"20.12.2021","1,941.33","1,967.28","1,970.26","1,940.27","1.14B","-2.17%"
"17.12.2021","1,984.47","2,004.13","2,009.45","1,980.21","1.44B","-1.42%"
"16.12.2021","2,013.08","2,006.55","2,014.43","1,999.73","1.05B","1.46%"
"15.12.2021","1,984.10","1,971.25","1,988.74","1,971.25","990.23M","0.52%"
"14.12.2021","1,973.81","1,976.67","1,985.20","1,966.82","985.94M","-0.22%"
"13.12.2021","1,978.13","1,991.47","1,993.44","1,976.82","955.79M","0.13%"
"10.12.2021","1,975.48","1,986.57","1,993.27","1,973.06","1.11B","-0.77%"
"09.12.2021","1,990.79","2,001.06","2,005.53","1,990.79","984.72M","-0.57%"
"08.12.2021","2,002.24","2,006.18","2,008.64","1,994.51","1.22B","0.62%"
"07.12.2021","1,989.85","1,962.09","1,995.22","1,952.63","1.29B","2.17%"
"06.12.2021","1,947.54","1,961.38","1,963.24","1,941.89","1.09B","-0.53%"
"03.12.2021","1,957.86","1,935.00","1,957.86","1,927.36","1.23B","1.63%"
"02.12.2021","1,926.37","1,924.34","1,939.91","1,921.44","1.35B","-0.54%"
"01.12.2021","1,936.74","1,930.88","1,946.01","1,914.93","1.44B","0.44%"
"30.11.2021","1,928.35","1,969.75","1,978.44","1,928.35","2.55B","-1.03%"
"29.11.2021","1,948.48","1,954.99","1,978.82","1,944.95","1.53B","-1.84%"
"26.11.2021","1,984.98","2,015.55","2,015.77","1,976.72","1.30B","-2.01%"
"25.11.2021","2,025.69","2,027.13","2,031.96","2,024.79","959.84M","0.33%"
"24.11.2021","2,019.12","2,039.46","2,047.62","2,015.23","1.22B","-1.16%"
"22.11.2021","2,042.82","2,036.28","2,044.99","2,029.69","1.07B","-0.08%"
"19.11.2021","2,044.53","2,034.87","2,046.12","2,033.49","1.20B","0.44%"
"18.11.2021","2,035.52","2,032.97","2,044.82","2,024.38","1.22B","-0.14%"
"17.11.2021","2,038.34","2,055.57","2,055.80","2,037.61","1.17B","-0.61%"
"16.11.2021","2,050.83","2,050.24","2,062.81","2,046.87","1.19B","0.11%"
"15.11.2021","2,048.52","2,052.72","2,057.89","2,045.25","1.16B","0.39%"
"12.11.2021","2,040.60","2,023.97","2,046.03","2,023.97","1.32B","1.31%"
"11.11.2021","2,014.30","2,006.60","2,019.42","2,004.89","1.19B","0.32%"
"10.11.2021","2,007.96","2,017.67","2,021.61","2,006.50","1.15B","-0.54%"
"09.11.2021","2,018.77","2,040.85","2,048.76","2,018.32","1.20B","-0.81%"
"08.11.2021","2,035.22","2,048.99","2,049.18","2,034.80","1.23B","-0.30%"
"05.11.2021","2,041.42","2,053.32","2,053.32","2,033.33","1.27B","-0.69%"
"04.11.2021","2,055.56","2,049.41","2,055.56","2,043.92","1.48B","1.18%"
"02.11.2021","2,031.67","2,036.20","2,041.79","2,028.27","1.18B","-0.64%"
"01.11.2021","2,044.72","2,027.27","2,044.81","2,022.50","1.29B","2.18%"
"29.10.2021","2,001.18","1,999.88","2,005.23","1,979.93","1.56B","0.08%"
"28.10.2021","1,999.66","2,001.35","2,006.08","1,987.88","2.21B","-0.70%"
"27.10.2021","2,013.81","2,016.71","2,020.43","2,005.35","1.14B","-0.23%"
"26.10.2021","2,018.40","2,013.73","2,023.86","2,009.25","1.14B","1.15%"
"25.10.2021","1,995.42","1,989.45","2,004.07","1,989.07","1.05B","-0.34%"
"22.10.2021","2,002.23","1,992.02","2,012.92","1,989.62","1.05B","0.07%"
"21.10.2021","2,000.81","2,022.97","2,025.90","2,000.67","1.04B","-1.32%"
"20.10.2021","2,027.67","2,037.18","2,041.71","2,026.16","1.12B","0.05%"
"19.10.2021","2,026.57","2,023.20","2,029.40","2,018.10","992.79M","0.36%"
"18.10.2021","2,019.23","2,028.43","2,028.64","2,014.48","1.08B","-0.23%"
"15.10.2021","2,023.93","2,005.45","2,024.22","2,001.89","1.14B","1.86%"
"14.10.2021","1,986.97","1,974.37","1,987.12","1,972.17","1.15B","0.67%"
"13.10.2021","1,973.83","1,978.18","1,988.18","1,971.96","1.11B","-0.45%"
"12.10.2021","1,982.68","1,993.69","1,995.09","1,979.58","1.13B","-0.70%"
"11.10.2021","1,996.58","1,963.37","1,996.58","1,960.57","1.19B","1.77%"
"08.10.2021","1,961.85","1,964.16","1,978.43","1,961.85","1.36B","1.15%"
"07.10.2021","1,939.62","1,947.07","1,958.83","1,937.33","1.33B","-0.12%"
"06.10.2021","1,941.91","1,962.20","1,978.19","1,927.66","1.67B","-0.30%"
"05.10.2021","1,947.75","1,954.33","1,958.36","1,928.45","1.51B","-1.33%"
"04.10.2021","1,973.92","2,006.67","2,006.97","1,966.97","1.32B","-0.62%"
"01.10.2021","1,986.31","2,010.40","2,020.57","1,982.20","1.38B","-2.16%"
"30.09.2021","2,030.16","2,040.00","2,041.82","2,023.60","1.55B","-0.40%"
"29.09.2021","2,038.29","2,040.91","2,044.06","2,019.80","1.60B","-2.09%"
"28.09.2021","2,081.77","2,083.25","2,084.26","2,062.90","1.51B","-0.29%"
"27.09.2021","2,087.74","2,097.34","2,105.37","2,086.31","1.29B","-0.14%"
"24.09.2021","2,090.75","2,076.39","2,091.50","2,075.07","1.43B","2.31%"
"22.09.2021","2,043.55","2,057.78","2,061.00","2,043.55","1.20B","-1.02%"
"21.09.2021","2,064.55","2,065.03","2,073.87","2,052.31","1.32B","-1.70%"
"17.09.2021","2,100.17","2,090.31","2,102.93","2,085.57","1.60B","0.48%"
"16.09.2021","2,090.16","2,101.79","2,103.29","2,080.94","1.26B","-0.30%"
"15.09.2021","2,096.39","2,101.38","2,103.57","2,088.92","1.21B","-1.06%"
"14.09.2021","2,118.87","2,105.79","2,120.18","2,103.02","1.34B","1.01%"
"13.09.2021","2,097.71","2,084.71","2,097.71","2,079.87","1.14B","0.29%"
"10.09.2021","2,091.65","2,066.88","2,091.65","2,066.88","1.49B","1.29%"
"09.09.2021","2,064.93","2,065.58","2,075.28","2,060.43","1.26B","-0.71%"
"08.09.2021","2,079.61","2,058.69","2,079.61","2,057.58","1.32B","0.79%"
"07.09.2021","2,063.38","2,056.45","2,071.28","2,054.44","1.26B","1.09%"
"06.09.2021","2,041.22","2,034.22","2,042.82","2,033.25","1.18B","1.28%"
"03.09.2021","2,015.45","1,988.58","2,018.57","1,987.48","1.24B","1.61%"
"02.09.2021","1,983.57","1,981.53","1,987.45","1,973.66","1.06B","0.14%"
"01.09.2021","1,980.79","1,965.74","1,982.49","1,965.54","1.08B","1.02%"
"31.08.2021","1,960.70","1,943.43","1,968.63","1,937.84","1.24B","0.54%"
"30.08.2021","1,950.14","1,943.51","1,950.14","1,937.66","1.02B","1.11%"
"27.08.2021","1,928.77","1,926.08","1,930.12","1,919.50","869.85M","-0.34%"
"26.08.2021","1,935.35","1,939.42","1,940.45","1,930.85","860.75M","-0.02%"
"25.08.2021","1,935.66","1,937.92","1,946.92","1,933.80","912.54M","0.08%"
"24.08.2021","1,934.20","1,925.21","1,938.06","1,925.21","959.42M","1.00%"
"23.08.2021","1,915.14","1,897.91","1,918.57","1,897.91","944.16M","1.83%"
"20.08.2021","1,880.68","1,893.30","1,903.54","1,877.38","1.23B","-0.87%"
"19.08.2021","1,897.19","1,911.33","1,915.11","1,896.68","1.08B","-1.39%"
"18.08.2021","1,923.97","1,915.91","1,931.37","1,910.86","946.54M","0.44%"
"17.08.2021","1,915.63","1,932.37","1,935.83","1,915.63","954.19M","-0.49%"
"16.08.2021","1,924.98","1,945.86","1,948.08","1,921.07","1.04B","-1.61%"
"13.08.2021","1,956.39","1,955.83","1,960.41","1,953.44","992.10M","0.15%"
"12.08.2021","1,953.55","1,962.84","1,970.38","1,952.63","1.04B","-0.03%"
"11.08.2021","1,954.08","1,947.28","1,956.20","1,946.32","1.16B","0.92%"
"10.08.2021","1,936.28","1,933.69","1,950.63","1,932.10","1.09B","0.36%"
"06.08.2021","1,929.34","1,927.63","1,932.47","1,923.43","991.69M","0.02%"
"05.08.2021","1,928.98","1,917.66","1,928.98","1,917.66","955.27M","0.39%"
"04.08.2021","1,921.43","1,928.73","1,930.60","1,918.58","1.07B","-0.50%"
"03.08.2021","1,931.14","1,928.58","1,936.38","1,922.53","971.87M","-0.46%"
"02.08.2021","1,940.05","1,917.65","1,942.08","1,917.61","1.06B","2.05%"
"30.07.2021","1,901.08","1,922.19","1,924.62","1,900.86","1.24B","-1.37%"
"29.07.2021","1,927.43","1,928.19","1,931.49","1,921.73","1.17B","0.41%"
"28.07.2021","1,919.65","1,922.18","1,931.96","1,913.42","1.04B","-0.95%"
"27.07.2021","1,938.04","1,934.18","1,940.91","1,932.03","938.97M","0.64%"
"26.07.2021","1,925.62","1,933.90","1,937.59","1,922.28","966.81M","1.11%"
"21.07.2021","1,904.41","1,913.33","1,924.64","1,899.84","937.25M","0.82%"
"20.07.2021","1,888.89","1,886.42","1,899.00","1,883.86","1.09B","-0.96%"
"19.07.2021","1,907.13","1,912.85","1,917.91","1,900.00","951.63M","-1.30%"
"16.07.2021","1,932.19","1,930.11","1,942.69","1,925.74","935.58M","-0.38%"
"15.07.2021","1,939.61","1,958.67","1,960.62","1,937.73","971.17M","-1.20%"
"14.07.2021","1,963.16","1,955.33","1,970.01","1,954.99","981.18M","-0.23%"
"13.07.2021","1,967.64","1,964.17","1,973.35","1,962.82","957.52M","0.73%"
"12.07.2021","1,953.33","1,943.33","1,955.54","1,942.71","1.04B","2.14%"
"09.07.2021","1,912.38","1,897.80","1,916.55","1,881.01","1.43B","-0.41%"
"08.07.2021","1,920.32","1,934.68","1,937.37","1,920.32","1.14B","-0.90%"
"07.07.2021","1,937.68","1,933.31","1,944.46","1,926.61","1.07B","-0.86%"
"06.07.2021","1,954.50","1,955.39","1,960.21","1,948.84","794.25M","0.28%"
"05.07.2021","1,948.99","1,950.19","1,952.20","1,943.90","774.29M","-0.37%"
"02.07.2021","1,956.31","1,945.23","1,958.47","1,943.99","904.55M","0.88%"
"01.07.2021","1,939.21","1,949.20","1,949.31","1,934.26","833.23M","-0.22%"
"30.06.2021","1,943.57","1,956.36","1,960.37","1,943.57","963.36M","-0.30%"
"29.06.2021","1,949.48","1,952.43","1,953.95","1,942.72","1.03B","-0.82%"
"28.06.2021","1,965.67","1,969.23","1,969.67","1,961.53","870.73M","0.15%"
"25.06.2021","1,962.65","1,963.85","1,965.32","1,955.17","904.26M","0.80%"
"24.06.2021","1,947.10","1,944.88","1,950.72","1,940.93","842.48M","-0.10%"
"23.06.2021","1,949.14","1,954.88","1,962.35","1,949.14","944.36M","-0.53%"
"22.06.2021","1,959.53","1,932.73","1,959.84","1,930.99","1.17B","3.16%"
"21.06.2021","1,899.45","1,917.07","1,918.67","1,890.15","1.30B","-2.42%"
"18.06.2021","1,946.56","1,963.28","1,963.28","1,945.86","1.51B","-0.87%"
"17.06.2021","1,963.57","1,971.93","1,975.71","1,959.28","997.59M","-0.62%"
"16.06.2021","1,975.86","1,972.44","1,983.13","1,971.27","1.03B","0.02%"
"15.06.2021","1,975.48","1,963.74","1,976.50","1,961.28","972.79M","0.80%"
"14.06.2021","1,959.75","1,966.13","1,969.46","1,955.24","854.23M","0.29%"
"11.06.2021","1,954.02","1,957.36","1,959.71","1,944.66","1.22B","-0.14%"
"10.06.2021","1,956.73","1,951.56","1,962.31","1,948.84","1.03B","-0.02%"
"09.06.2021","1,957.14","1,960.58","1,963.69","1,955.89","994.45M","-0.28%"
"08.06.2021","1,962.65","1,958.96","1,968.66","1,956.45","928.66M","0.09%"
"07.06.2021","1,960.85","1,969.62","1,970.72","1,956.58","945.92M","0.08%"
"04.06.2021","1,959.19","1,953.42","1,960.17","1,946.48","1.06B","0.03%"
"03.06.2021","1,958.70","1,942.79","1,966.09","1,942.79","1.09B","0.84%"
"02.06.2021","1,942.33","1,930.06","1,946.67","1,916.84","1.25B","0.84%"
"01.06.2021","1,926.18","1,930.74","1,933.59","1,912.61","907.47M","0.17%"
"31.05.2021","1,922.98","1,940.13","1,944.94","1,919.78","1.02B","-1.26%"
"28.05.2021","1,947.44","1,933.86","1,949.28","1,933.86","1.36B","1.91%"
"27.05.2021","1,911.02","1,914.46","1,919.22","1,907.63","2.40B","-0.50%"
"26.05.2021","1,920.67","1,911.37","1,925.48","1,909.88","1.10B","0.06%"
"25.05.2021","1,919.52","1,920.50","1,921.40","1,913.63","992.96M","0.34%"
"24.05.2021","1,913.04","1,903.54","1,920.53","1,903.54","993.83M","0.44%"
"21.05.2021","1,904.69","1,899.67","1,910.04","1,897.86","1.04B","0.46%"
"20.05.2021","1,895.92","1,888.11","1,901.65","1,885.95","994.65M","0.04%"
"19.05.2021","1,895.24","1,888.26","1,903.12","1,883.78","1.16B","-0.66%"
"18.05.2021","1,907.74","1,886.11","1,912.10","1,886.11","1.23B","1.54%"
"17.05.2021","1,878.86","1,897.23","1,897.75","1,869.93","1.16B","-0.24%"
"14.05.2021","1,883.42","1,869.35","1,889.92","1,866.71","1.27B","1.86%"
"13.05.2021","1,849.04","1,865.35","1,870.96","1,845.72","1.41B","-1.54%"
"12.05.2021","1,877.95","1,905.49","1,909.64","1,862.04","1.53B","-1.47%"
"11.05.2021","1,905.92","1,938.45","1,942.43","1,901.97","1.29B","-2.37%"
"10.05.2021","1,952.27","1,936.91","1,955.51","1,934.65","1.13B","0.99%"
"07.05.2021","1,933.05","1,930.13","1,938.28","1,925.75","1.17B","0.29%"
"06.05.2021","1,927.40","1,919.10","1,938.44","1,916.20","1.53B","1.54%"
"30.04.2021","1,898.24","1,910.03","1,913.69","1,897.09","1.35B","-0.57%"
"28.04.2021","1,909.06","1,903.85","1,915.12","1,900.58","1.24B","0.29%"
"27.04.2021","1,903.55","1,917.48","1,918.22","1,903.55","1.16B","-0.76%"
"26.04.2021","1,918.15","1,922.47","1,923.89","1,907.45","974.77M","0.17%"
"23.04.2021","1,914.98","1,911.41","1,916.51","1,904.64","955.01M","-0.39%"
"22.04.2021","1,922.50","1,911.91","1,923.18","1,905.67","1.08B","1.82%"
"21.04.2021","1,888.18","1,897.91","1,899.91","1,879.68","1.26B","-1.98%"
"20.04.2021","1,926.25","1,940.92","1,940.92","1,922.53","1.09B","-1.55%"
"19.04.2021","1,956.56","1,960.81","1,965.49","1,953.98","918.23M","-0.22%"
"16.04.2021","1,960.87","1,963.74","1,964.69","1,952.67","909.15M","0.09%"
"15.04.2021","1,959.13","1,955.28","1,969.29","1,954.79","941.38M","0.36%"
"14.04.2021","1,952.18","1,953.92","1,955.52","1,946.17","1.04B","-0.33%"
"13.04.2021","1,958.55","1,957.91","1,971.78","1,955.89","1.02B","0.20%"
"12.04.2021","1,954.59","1,967.30","1,968.62","1,954.59","954.29M","-0.25%"
"09.04.2021","1,959.47","1,958.99","1,978.68","1,957.81","1.12B","0.39%"
"08.04.2021","1,951.86","1,962.93","1,962.93","1,946.33","1.13B","-0.79%"
"07.04.2021","1,967.43","1,961.03","1,970.36","1,950.48","1.08B","0.67%"
"06.04.2021","1,954.34","1,989.09","1,989.09","1,951.64","1.14B","-1.47%"
"05.04.2021","1,983.54","1,979.55","1,986.49","1,973.69","972.36M","0.60%"
"02.04.2021","1,971.62","1,975.01","1,980.02","1,964.20","1.00B","0.71%"
"01.04.2021","1,957.64","1,971.78","1,974.20","1,953.83","1.25B","0.19%"
"31.03.2021","1,954.00","1,966.63","1,976.82","1,954.00","1.33B","-1.21%"
"30.03.2021","1,977.86","1,980.42","1,982.95","1,967.13","1.34B","-0.78%"
"29.03.2021","1,993.34","2,004.11","2,005.75","1,975.09","1.83B","0.46%"
"26.03.2021","1,984.16","1,976.54","1,986.56","1,972.88","1.28B","1.46%"
"25.03.2021","1,955.55","1,940.76","1,962.05","1,939.73","1.24B","1.40%"
"24.03.2021","1,928.58","1,954.90","1,962.16","1,924.98","1.59B","-2.18%"
"23.03.2021","1,971.48","2,000.26","2,002.74","1,971.48","1.37B","-0.94%"
"22.03.2021","1,990.18","1,996.66","2,000.01","1,980.71","1.38B","-1.09%"
"19.03.2021","2,012.21","1,994.79","2,013.71","1,994.43","2.10B","0.18%"
"18.03.2021","2,008.51","1,995.48","2,011.58","1,992.54","1.60B","1.23%"
"17.03.2021","1,984.03","1,972.43","1,984.03","1,971.36","1.25B","0.13%"
"16.03.2021","1,981.50","1,967.62","1,981.50","1,967.52","1.42B","0.65%"
"15.03.2021","1,968.73","1,958.68","1,968.73","1,953.66","1.54B","0.91%"
"12.03.2021","1,951.06","1,929.33","1,951.06","1,922.54","1.58B","1.36%"
"11.03.2021","1,924.92","1,921.06","1,927.40","1,916.24","1.38B","0.27%"
"10.03.2021","1,919.74","1,918.16","1,922.87","1,912.97","1.39B","0.11%"
"09.03.2021","1,917.68","1,902.89","1,918.25","1,893.71","1.62B","1.27%"
"08.03.2021","1,893.58","1,916.33","1,919.62","1,885.49","1.51B","-0.14%"
"05.03.2021","1,896.18","1,876.85","1,896.18","1,859.88","1.43B","0.61%"
"04.03.2021","1,884.74","1,889.50","1,894.02","1,865.47","1.29B","-1.04%"
"03.03.2021","1,904.54","1,899.55","1,905.41","1,890.86","1.21B","0.51%"
"02.03.2021","1,894.85","1,915.17","1,915.17","1,883.31","1.29B","-0.40%"
"01.03.2021","1,902.48","1,888.61","1,903.97","1,887.28","1.25B","2.04%"
"26.02.2021","1,864.49","1,903.84","1,903.84","1,864.49","1.69B","-3.21%"
"25.02.2021","1,926.23","1,927.11","1,931.27","1,922.45","1.46B","1.22%"
"24.02.2021","1,903.07","1,934.48","1,934.51","1,903.07","1.57B","-1.82%"
"22.02.2021","1,938.35","1,947.35","1,952.86","1,936.23","1.25B","0.49%"
"19.02.2021","1,928.95","1,927.45","1,934.98","1,921.88","1.22B","-0.67%"
"18.02.2021","1,941.91","1,962.03","1,967.26","1,937.63","1.58B","-1.00%"
"17.02.2021","1,961.49","1,963.54","1,967.74","1,954.68","1.37B","-0.18%"
"16.02.2021","1,965.08","1,959.80","1,974.99","1,955.76","1.41B","0.57%"
"15.02.2021","1,953.94","1,945.77","1,956.60","1,942.54","1.28B","1.04%"
"12.02.2021","1,933.88","1,936.64","1,937.74","1,927.62","1.34B","0.16%"
"10.02.2021","1,930.82","1,921.26","1,934.75","1,919.14","1.32B","0.27%"
"09.02.2021","1,925.54","1,926.54","1,931.29","1,915.95","1.47B","0.08%"
"08.02.2021","1,923.95","1,898.37","1,924.42","1,898.32","1.59B","1.75%"
"05.02.2021","1,890.95","1,880.70","1,892.05","1,876.26","1.54B","1.38%"
"04.02.2021","1,865.12","1,870.12","1,877.34","1,861.64","1.34B","-0.32%"
"03.02.2021","1,871.09","1,858.50","1,871.09","1,857.41","1.37B","1.30%"
"02.02.2021","1,847.02","1,837.69","1,847.98","1,831.06","1.17B","0.94%"
"01.02.2021","1,829.84","1,806.63","1,832.68","1,806.63","1.15B","1.16%"
"29.01.2021","1,808.78","1,844.92","1,846.07","1,808.26","1.58B","-1.64%"
"28.01.2021","1,838.85","1,829.27","1,846.34","1,820.79","2.14B","-1.14%"
"27.01.2021","1,860.07","1,856.93","1,862.05","1,851.33","1.16B","0.65%"
"26.01.2021","1,848.00","1,853.64","1,858.44","1,847.85","1.07B","-0.75%"
"25.01.2021","1,862.00","1,862.88","1,863.22","1,854.02","1.02B","0.29%"
"22.01.2021","1,856.64","1,848.79","1,859.38","1,848.40","1.22B","-0.21%"
"21.01.2021","1,860.64","1,858.10","1,869.81","1,856.14","1.14B","0.60%"
"20.01.2021","1,849.58","1,860.67","1,860.95","1,840.50","1.15B","-0.34%"
"19.01.2021","1,855.84","1,850.45","1,860.69","1,848.15","1.01B","0.56%"
"18.01.2021","1,845.49","1,844.09","1,851.97","1,839.68","908.54M","-0.60%"
"15.01.2021","1,856.61","1,875.31","1,876.58","1,855.01","1.25B","-0.89%"
"14.01.2021","1,873.28","1,860.32","1,885.93","1,859.28","1.41B","0.48%"
"13.01.2021","1,864.40","1,852.93","1,867.23","1,852.15","1.24B","0.35%"
"12.01.2021","1,857.94","1,847.98","1,860.78","1,841.91","1.34B","0.16%"
"08.01.2021","1,854.94","1,832.68","1,854.94","1,829.05","1.39B","1.57%"
"07.01.2021","1,826.30","1,816.26","1,837.50","1,816.26","1.51B","1.68%"
"06.01.2021","1,796.18","1,790.86","1,802.98","1,789.68","1.18B","0.28%"
"05.01.2021","1,791.22","1,788.63","1,797.12","1,784.80","989.53M","-0.19%"
"04.01.2021","1,794.59","1,810.45","1,811.68","1,776.60","956.48M","-0.56%"
"30.12.2020","1,804.68","1,812.31","1,816.14","1,801.17","878.19M","-0.80%"
"29.12.2020","1,819.18","1,793.83","1,819.46","1,792.83","1.02B","1.74%"
"28.12.2020","1,788.04","1,781.99","1,788.04","1,779.36","1.01B","0.54%"
"25.12.2020","1,778.41","1,777.26","1,780.10","1,775.16","694.80M","0.23%"
"24.12.2020","1,774.27","1,774.23","1,783.21","1,770.81","878.40M","0.51%"
"23.12.2020","1,765.21","1,769.15","1,769.38","1,757.52","991.01M","0.23%"
"22.12.2020","1,761.12","1,774.43","1,777.32","1,755.30","1.07B","-1.56%"
"21.12.2020","1,789.05","1,798.16","1,804.22","1,779.10","1.04B","-0.23%"
"18.12.2020","1,793.24","1,791.09","1,796.84","1,787.19","1.30B","0.04%"
"17.12.2020","1,792.58","1,786.81","1,794.21","1,781.03","1.14B","0.32%"
"16.12.2020","1,786.83","1,792.92","1,796.82","1,784.70","1.11B","0.27%"
"15.12.2020","1,782.05","1,787.82","1,790.57","1,778.65","1.12B","-0.47%"
"14.12.2020","1,790.52","1,785.07","1,804.84","1,784.99","1.15B","0.48%"
"11.12.2020","1,782.01","1,779.01","1,784.81","1,771.42","1.28B","0.33%"
"10.12.2020","1,776.21","1,775.45","1,780.63","1,771.87","1.18B","-0.18%"
"09.12.2020","1,779.42","1,759.78","1,779.76","1,759.78","1.10B","1.17%"
"08.12.2020","1,758.81","1,752.11","1,762.48","1,751.63","1.03B","-0.11%"
"07.12.2020","1,760.75","1,785.83","1,785.83","1,759.16","1.17B","-0.86%"
"04.12.2020","1,775.94","1,770.70","1,778.02","1,768.73","1.15B","0.04%"
"03.12.2020","1,775.25","1,776.08","1,783.16","1,768.86","1.23B","0.07%"
"02.12.2020","1,773.97","1,778.68","1,779.73","1,769.43","1.43B","0.32%"
"01.12.2020","1,768.38","1,765.55","1,772.41","1,760.83","1.33B","0.77%"
"30.11.2020","1,754.92","1,789.92","1,790.30","1,753.92","2.49B","-1.77%"
"27.11.2020","1,786.52","1,780.62","1,792.97","1,775.83","1.53B","0.47%"
"26.11.2020","1,778.25","1,760.86","1,779.81","1,759.56","1.16B","0.60%"
"25.11.2020","1,767.67","1,781.12","1,790.17","1,765.10","1.55B","0.30%"
"24.11.2020","1,762.40","1,754.39","1,769.63","1,754.20","1.40B","2.03%"
"20.11.2020","1,727.39","1,721.39","1,727.39","1,717.16","1.09B","0.06%"
"19.11.2020","1,726.41","1,716.21","1,726.41","1,710.47","1.37B","0.33%"
"18.11.2020","1,720.65","1,726.93","1,727.74","1,715.49","1.19B","-0.81%"
"17.11.2020","1,734.66","1,740.36","1,740.62","1,724.35","1.37B","0.16%"
"16.11.2020","1,731.81","1,717.44","1,735.73","1,716.64","1.41B","1.68%"
"13.11.2020","1,703.22","1,714.72","1,717.44","1,692.99","1.33B","-1.33%"
"12.11.2020","1,726.23","1,727.80","1,735.32","1,714.58","1.35B","-0.16%"
"11.11.2020","1,729.07","1,719.81","1,729.35","1,715.98","1.68B","1.66%"
"10.11.2020","1,700.80","1,697.39","1,716.94","1,694.31","2.07B","1.12%"
"09.11.2020","1,681.90","1,671.99","1,686.51","1,670.26","1.23B","1.41%"
"06.11.2020","1,658.49","1,650.46","1,663.07","1,646.20","1.23B","0.52%"
"05.11.2020","1,649.94","1,629.94","1,651.79","1,628.58","1.34B","1.39%"
"04.11.2020","1,627.25","1,627.64","1,635.64","1,618.55","1.30B","1.20%"
"02.11.2020","1,607.95","1,592.16","1,616.18","1,591.49","1.19B","1.81%"
"30.10.2020","1,579.33","1,604.58","1,604.58","1,577.45","1.31B","-1.96%"
"29.10.2020","1,610.93","1,595.01","1,614.81","1,594.92","1.01B","-0.10%"
"28.10.2020","1,612.55","1,606.34","1,614.60","1,602.36","1.18B","-0.31%"
"27.10.2020","1,617.53","1,608.77","1,617.53","1,596.76","945.34M","-0.09%"
"26.10.2020","1,618.98","1,623.13","1,628.81","1,616.46","808.39M","-0.39%"
"23.10.2020","1,625.32","1,625.65","1,628.47","1,614.97","967.67M","0.34%"
"22.10.2020","1,619.79","1,627.92","1,628.27","1,617.26","863.17M","-1.09%"
"21.10.2020","1,637.60","1,633.03","1,645.34","1,632.66","943.31M","0.73%"
"20.10.2020","1,625.74","1,631.40","1,636.68","1,623.28","923.69M","-0.75%"
"19.10.2020","1,637.98","1,626.79","1,641.35","1,626.79","862.59M","1.25%"
"16.10.2020","1,617.69","1,627.64","1,628.01","1,615.60","917.58M","-0.86%"
"15.10.2020","1,631.79","1,639.61","1,641.79","1,628.96","888.31M","-0.74%"
"14.10.2020","1,643.90","1,641.65","1,645.45","1,637.83","967.37M","-0.32%"
"13.10.2020","1,649.10","1,650.51","1,651.10","1,640.48","870.81M","0.35%"
"12.10.2020","1,643.35","1,645.03","1,646.62","1,637.50","850.07M","-0.24%"
"09.10.2020","1,647.38","1,656.90","1,657.39","1,643.12","1.01B","-0.49%"
"08.10.2020","1,655.47","1,651.16","1,660.49","1,645.87","1.03B","0.55%"
"07.10.2020","1,646.47","1,635.31","1,648.15","1,634.31","932.03M","0.04%"
"06.10.2020","1,645.75","1,644.72","1,647.32","1,637.44","989.71M","0.52%"
"05.10.2020","1,637.25","1,626.85","1,642.48","1,626.78","1.05B","1.74%"
"02.10.2020","1,609.22","1,633.02","1,638.80","1,603.32","1.48B","-1.00%"
"01.10.2020","1,625.49","1,625.49","1,625.49","1,625.49","","0.00%"
"30.09.2020","1,625.49","1,650.32","1,654.18","1,625.49","1.44B","-1.97%"
"29.09.2020","1,658.10","1,650.71","1,665.90","1,645.48","1.14B","-0.23%"
"28.09.2020","1,661.93","1,646.28","1,661.93","1,641.15","1.46B","1.69%"
"25.09.2020","1,634.23","1,634.72","1,636.77","1,629.34","1.27B","0.48%"
"24.09.2020","1,626.44","1,634.61","1,636.48","1,624.50","1.25B","-1.08%"
"23.09.2020","1,644.25","1,638.82","1,646.62","1,632.80","1.52B","-0.13%"
"18.09.2020","1,646.42","1,638.89","1,647.78","1,638.60","1.50B","0.49%"
"17.09.2020","1,638.40","1,642.48","1,645.36","1,634.21","1.11B","-0.36%"
"16.09.2020","1,644.35","1,639.02","1,647.68","1,637.56","1.17B","0.21%"
"15.09.2020","1,640.84","1,643.68","1,644.50","1,635.12","1.17B","-0.62%"
"14.09.2020","1,651.10","1,641.13","1,652.20","1,640.53","1.18B","0.88%"
"11.09.2020","1,636.64","1,619.89","1,636.64","1,619.43","1.30B","0.72%"
"10.09.2020","1,624.86","1,615.05","1,625.30","1,614.48","1.15B","1.21%"
"09.09.2020","1,605.40","1,598.12","1,607.66","1,593.89","1.36B","-0.96%"
"08.09.2020","1,620.89","1,614.41","1,620.89","1,609.28","1.07B","0.69%"
"07.09.2020","1,609.74","1,613.18","1,619.10","1,607.43","1.06B","-0.42%"
"04.09.2020","1,616.60","1,611.33","1,619.66","1,610.39","1.07B","-0.90%"
"03.09.2020","1,631.24","1,639.40","1,639.59","1,628.43","1.02B","0.48%"
"02.09.2020","1,623.40","1,622.62","1,623.46","1,616.72","976.48M","0.47%"
"01.09.2020","1,615.81","1,613.64","1,618.54","1,606.84","1.03B","-0.15%"
"31.08.2020","1,618.18","1,621.93","1,635.64","1,617.66","1.34B","0.83%"
"28.08.2020","1,604.87","1,621.39","1,636.57","1,590.83","1.67B","-0.68%"
"27.08.2020","1,615.89","1,623.80","1,624.77","1,614.13","923.62M","-0.53%"
"26.08.2020","1,624.48","1,619.38","1,624.48","1,616.73","859.98M","-0.05%"
"25.08.2020","1,625.23","1,625.41","1,633.91","1,624.11","1.21B","1.13%"
"24.08.2020","1,607.13","1,604.16","1,608.13","1,600.03","776.14M","0.19%"
"21.08.2020","1,604.06","1,608.91","1,615.99","1,602.43","910.28M","0.30%"
"20.08.2020","1,599.20","1,605.76","1,612.56","1,598.35","945.67M","-0.90%"
"19.08.2020","1,613.73","1,604.98","1,616.15","1,603.01","915.33M","0.18%"
"18.08.2020","1,610.85","1,607.87","1,612.89","1,599.80","974.25M","0.06%"
"17.08.2020","1,609.82","1,618.57","1,624.41","1,609.82","819.22M","-0.84%"
"14.08.2020","1,623.38","1,624.61","1,627.86","1,619.16","1.06B","-0.05%"
"13.08.2020","1,624.15","1,619.96","1,628.67","1,614.28","1.41B","1.16%"
"12.08.2020","1,605.53","1,588.80","1,607.92","1,586.21","1.49B","1.23%"
"11.08.2020","1,585.96","1,561.16","1,586.02","1,560.17","1.63B","2.54%"
"07.08.2020","1,546.74","1,549.96","1,553.41","1,540.23","1.19B","-0.20%"
"06.08.2020","1,549.88","1,552.88","1,559.44","1,545.56","1.08B","-0.31%"
"05.08.2020","1,554.71","1,548.57","1,555.75","1,540.17","1.20B","-0.04%"
"04.08.2020","1,555.26","1,537.84","1,555.62","1,537.78","1.40B","2.14%"
"03.08.2020","1,522.64","1,510.23","1,523.04","1,508.13","1.32B","1.78%"
"31.07.2020","1,496.06","1,531.82","1,533.45","1,496.06","1.68B","-2.82%"
"30.07.2020","1,539.47","1,554.13","1,554.55","1,538.77","1.30B","-0.62%"
"29.07.2020","1,549.04","1,560.67","1,562.04","1,548.33","1.19B","-1.28%"
"28.07.2020","1,569.12","1,575.74","1,583.76","1,566.93","1.09B","-0.48%"
"27.07.2020","1,576.69","1,556.81","1,576.69","1,552.22","1.16B","0.24%"
"22.07.2020","1,572.96","1,578.10","1,582.77","1,572.96","1.09B","-0.62%"
"21.07.2020","1,582.74","1,579.83","1,584.51","1,577.48","1.15B","0.36%"
"20.07.2020","1,577.03","1,577.61","1,578.47","1,566.16","918.93M","0.20%"
"17.07.2020","1,573.85","1,581.00","1,583.20","1,570.38","999.71M","-0.33%"
"16.07.2020","1,579.06","1,588.60","1,590.18","1,577.09","1.48B","-0.66%"
"15.07.2020","1,589.51","1,579.10","1,590.62","1,578.15","1.25B","1.56%"
"14.07.2020","1,565.15","1,564.43","1,569.79","1,559.70","1.10B","-0.50%"
"13.07.2020","1,573.02","1,557.17","1,573.02","1,554.26","1.22B","2.46%"
"10.07.2020","1,535.20","1,553.52","1,554.49","1,535.20","1.34B","-1.42%"
"09.07.2020","1,557.24","1,555.85","1,568.35","1,550.53","1.18B","0.00%"
"08.07.2020","1,557.23","1,565.26","1,579.84","1,557.23","1.16B","-0.92%"
"07.07.2020","1,571.71","1,574.20","1,578.34","1,565.69","1.09B","-0.34%"
"06.07.2020","1,577.15","1,555.14","1,577.15","1,554.97","1.03B","1.60%"
"03.07.2020","1,552.33","1,550.38","1,552.75","1,539.67","982.46M","0.62%"
"02.07.2020","1,542.76","1,543.62","1,551.36","1,536.11","1.36B","0.27%"
"01.07.2020","1,538.61","1,562.30","1,563.10","1,533.94","1.18B","-1.29%"
"30.06.2020","1,558.77","1,570.28","1,573.90","1,557.66","1.24B","0.62%"
"29.06.2020","1,549.22","1,560.19","1,562.06","1,547.80","1.25B","-1.78%"
"26.06.2020","1,577.37","1,571.41","1,582.17","1,570.15","1.14B","0.99%"
"25.06.2020","1,561.85","1,564.96","1,572.25","1,556.36","1.31B","-1.18%"
"24.06.2020","1,580.50","1,583.31","1,586.57","1,577.23","1.17B","-0.42%"
"23.06.2020","1,587.14","1,588.99","1,597.23","1,569.75","1.19B","0.51%"
"22.06.2020","1,579.09","1,577.00","1,587.10","1,574.57","936.21M","-0.23%"
"19.06.2020","1,582.80","1,588.64","1,588.64","1,574.93","1.56B","-0.02%"
"18.06.2020","1,583.09","1,581.18","1,586.31","1,566.56","1.11B","-0.25%"
"17.06.2020","1,587.09","1,591.67","1,593.43","1,579.45","1.18B","-0.40%"
"16.06.2020","1,593.45","1,555.04","1,597.58","1,554.35","1.55B","4.09%"
"15.06.2020","1,530.78","1,562.32","1,573.72","1,530.78","1.36B","-2.54%"
"12.06.2020","1,570.68","1,560.74","1,574.57","1,540.98","1.90B","-1.15%"
"11.06.2020","1,588.92","1,609.01","1,614.88","1,588.22","1.68B","-2.20%"
"10.06.2020","1,624.71","1,618.53","1,629.35","1,616.04","1.26B","-0.23%"
"09.06.2020","1,628.43","1,629.78","1,633.40","1,617.74","1.52B","-0.14%"
"08.06.2020","1,630.72","1,628.61","1,630.72","1,619.17","1.70B","1.13%"
"05.06.2020","1,612.48","1,599.56","1,612.48","1,596.38","1.39B","0.54%"
"04.06.2020","1,603.82","1,614.49","1,615.00","1,590.22","1.52B","0.30%"
"03.06.2020","1,599.08","1,606.29","1,611.40","1,588.88","1.55B","0.72%"
"02.06.2020","1,587.68","1,576.77","1,592.79","1,573.77","1.34B","1.21%"
"01.06.2020","1,568.75","1,563.81","1,573.47","1,561.34","1.20B","0.32%"
"29.05.2020","1,563.67","1,566.67","1,576.27","1,561.37","2.38B","-0.87%"
"28.05.2020","1,577.34","1,562.08","1,578.50","1,555.31","2.09B","1.80%"
"27.05.2020","1,549.47","1,535.42","1,550.96","1,529.64","1.76B","0.96%"
"26.05.2020","1,534.73","1,513.49","1,537.48","1,512.15","1.47B","2.17%"
"25.05.2020","1,502.20","1,495.09","1,502.20","1,491.21","1.00B","1.65%"
"22.05.2020","1,477.80","1,492.21","1,495.23","1,474.20","1.23B","-0.90%"
"21.05.2020","1,491.21","1,499.65","1,501.43","1,487.74","1.15B","-0.23%"
"20.05.2020","1,494.69","1,483.35","1,498.76","1,483.19","1.21B","0.58%"
"19.05.2020","1,486.05","1,480.63","1,491.09","1,479.83","1.59B","1.83%"
"18.05.2020","1,459.29","1,457.78","1,463.07","1,450.35","1.21B","0.38%"
"15.05.2020","1,453.77","1,459.33","1,461.90","1,441.00","1.29B","0.50%"
"14.05.2020","1,446.55","1,464.99","1,467.42","1,446.55","1.33B","-1.91%"
"13.05.2020","1,474.69","1,462.78","1,477.97","1,459.48","1.32B","-0.14%"
"12.05.2020","1,476.72","1,480.47","1,482.98","1,474.30","1.24B","-0.26%"
"11.05.2020","1,480.62","1,468.83","1,484.81","1,466.95","1.31B","1.53%"
"08.05.2020","1,458.28","1,442.80","1,458.28","1,441.31","1.37B","2.21%"
"07.05.2020","1,426.73","1,419.92","1,427.81","1,418.88","1.35B","-0.32%"
"01.05.2020","1,431.26","1,452.46","1,453.93","1,424.93","1.36B","-2.24%"
"30.04.2020","1,464.03","1,470.57","1,478.84","1,464.02","1.72B","1.03%"
"28.04.2020","1,449.15","1,446.06","1,450.18","1,438.54","1.23B","0.13%"
"27.04.2020","1,447.25","1,428.44","1,449.29","1,427.24","1.25B","1.83%"
"24.04.2020","1,421.29","1,419.64","1,422.47","1,410.58","1.33B","-0.33%"
"23.04.2020","1,425.98","1,415.38","1,425.98","1,411.52","1.17B","1.36%"
"22.04.2020","1,406.90","1,405.62","1,412.45","1,392.58","1.25B","-0.63%"
"21.04.2020","1,415.89","1,420.33","1,427.35","1,410.40","1.28B","-1.15%"
"20.04.2020","1,432.41","1,432.79","1,439.16","1,430.34","1.07B","-0.70%"
"17.04.2020","1,442.54","1,438.37","1,456.04","1,431.53","1.41B","1.43%"
"16.04.2020","1,422.24","1,416.83","1,424.65","1,407.92","1.30B","-0.82%"
"15.04.2020","1,434.07","1,430.08","1,439.54","1,424.00","1.49B","0.04%"
"14.04.2020","1,433.51","1,409.99","1,436.30","1,406.67","1.31B","1.96%"
"13.04.2020","1,405.91","1,419.67","1,423.62","1,404.52","1.06B","-1.69%"
"10.04.2020","1,430.04","1,417.05","1,431.40","1,399.82","1.37B","0.92%"
"09.04.2020","1,416.98","1,424.40","1,424.40","1,400.28","1.37B","-0.60%"
"08.04.2020","1,425.47","1,408.61","1,431.90","1,393.50","1.68B","1.59%"
"07.04.2020","1,403.21","1,397.71","1,415.09","1,375.38","1.70B","1.96%"
"06.04.2020","1,376.30","1,328.43","1,383.10","1,325.41","1.68B","3.86%"
"03.04.2020","1,325.13","1,335.82","1,349.53","1,314.11","1.50B","-0.36%"
"02.04.2020","1,329.87","1,339.19","1,347.34","1,326.74","1.64B","-1.57%"
"01.04.2020","1,351.08","1,388.66","1,396.74","1,339.30","1.66B","-3.70%"
"31.03.2020","1,403.04","1,436.40","1,440.38","1,399.06","1.86B","-2.26%"
"30.03.2020","1,435.54","1,418.07","1,435.54","1,392.23","1.92B","-1.64%"
"27.03.2020","1,459.49","1,424.92","1,459.49","1,417.45","2.37B","4.30%"
"26.03.2020","1,399.32","1,404.80","1,411.65","1,381.01","2.05B","-1.78%"
"25.03.2020","1,424.62","1,357.12","1,424.62","1,356.75","2.28B","6.87%"
"24.03.2020","1,333.10","1,311.83","1,336.27","1,308.36","2.26B","3.18%"
"23.03.2020","1,292.01","1,278.86","1,296.98","1,261.62","2.70B","0.68%"
"19.03.2020","1,283.22","1,289.80","1,313.07","1,272.98","3.02B","0.97%"
"18.03.2020","1,270.84","1,279.27","1,313.83","1,269.38","2.72B","0.19%"
"17.03.2020","1,268.46","1,216.92","1,280.63","1,199.25","3.07B","2.60%"
"16.03.2020","1,236.34","1,268.39","1,288.47","1,231.67","2.35B","-2.01%"
"13.03.2020","1,261.70","1,300.31","1,304.23","1,202.94","3.46B","-4.98%"
"12.03.2020","1,327.88","1,360.61","1,363.48","1,313.15","2.58B","-4.13%"
"11.03.2020","1,385.12","1,403.11","1,422.01","1,384.23","2.00B","-1.53%"
"10.03.2020","1,406.68","1,371.74","1,414.85","1,330.99","2.57B","1.28%"
"09.03.2020","1,388.97","1,442.62","1,443.16","1,378.43","2.52B","-5.61%"
"06.03.2020","1,471.46","1,492.34","1,493.57","1,464.55","1.75B","-2.92%"
"05.03.2020","1,515.71","1,522.23","1,522.23","1,508.27","1.38B","0.88%"
"04.03.2020","1,502.50","1,488.93","1,513.64","1,485.11","1.51B","-0.17%"
"03.03.2020","1,505.12","1,547.29","1,551.99","1,505.12","1.76B","-1.36%"
"02.03.2020","1,525.87","1,488.96","1,541.67","1,488.89","2.04B","0.99%"
"28.02.2020","1,510.87","1,537.61","1,538.54","1,500.87","2.42B","-3.65%"
"27.02.2020","1,568.06","1,594.22","1,595.23","1,561.25","1.81B","-2.37%"
"26.02.2020","1,606.17","1,602.49","1,608.86","1,587.35","1.68B","-0.75%"
"25.02.2020","1,618.26","1,641.63","1,641.66","1,603.12","1.78B","-3.33%"
"21.02.2020","1,674.00","1,673.01","1,684.50","1,672.95","1.16B","-0.03%"
"20.02.2020","1,674.48","1,686.25","1,692.55","1,672.38","1.17B","0.16%"
"19.02.2020","1,671.86","1,674.38","1,678.02","1,667.91","1.13B","0.37%"
"18.02.2020","1,665.71","1,678.87","1,680.43","1,661.67","1.15B","-1.31%"
"17.02.2020","1,687.77","1,688.24","1,690.16","1,676.70","1.17B","-0.89%"
"14.02.2020","1,702.87","1,704.04","1,704.70","1,698.36","1.35B","-0.60%"
"13.02.2020","1,713.08","1,715.60","1,717.10","1,708.98","1.24B","-0.34%"
"12.02.2020","1,718.92","1,721.26","1,721.92","1,710.68","1.40B","-0.04%"
"10.02.2020","1,719.64","1,717.67","1,726.08","1,716.37","1.16B","-0.72%"
"07.02.2020","1,732.14","1,739.28","1,740.09","1,728.35","1.26B","-0.28%"
"06.02.2020","1,736.98","1,722.95","1,744.43","1,722.28","1.65B","2.07%"
"05.02.2020","1,701.83","1,701.79","1,706.69","1,696.03","1.33B","1.04%"
"04.02.2020","1,684.24","1,667.25","1,685.96","1,666.59","1.28B","0.69%"
"03.02.2020","1,672.66","1,660.66","1,677.23","1,656.33","1.36B","-0.70%"
"31.01.2020","1,684.44","1,684.52","1,699.19","1,683.34","1.38B","0.58%"
"30.01.2020","1,674.77","1,693.65","1,695.79","1,667.30","1.37B","-1.48%"
"29.01.2020","1,699.95","1,695.65","1,700.30","1,689.76","1.03B","0.45%"
"28.01.2020","1,692.28","1,687.53","1,695.72","1,684.75","1.17B","-0.60%"
"27.01.2020","1,702.57","1,702.98","1,708.95","1,697.17","1.18B","-1.61%"
"24.01.2020","1,730.44","1,733.72","1,733.95","1,726.32","965.45M","0.00%"
"23.01.2020","1,730.50","1,733.71","1,736.92","1,729.20","1.05B","-0.78%"
"22.01.2020","1,744.13","1,732.48","1,744.82","1,732.26","1.00B","0.53%"
"21.01.2020","1,734.97","1,743.78","1,744.46","1,732.15","912.59M","-0.53%"
"20.01.2020","1,744.16","1,741.04","1,745.95","1,740.78","821.12M","0.50%"
"17.01.2020","1,735.44","1,737.23","1,737.66","1,732.88","1.08B","0.39%"
"16.01.2020","1,728.72","1,733.27","1,733.87","1,726.71","1.03B","-0.14%"
"15.01.2020","1,731.06","1,733.79","1,738.45","1,727.37","1.12B","-0.54%"
"14.01.2020","1,740.53","1,740.91","1,742.05","1,734.83","1.23B","0.31%"
"10.01.2020","1,735.16","1,734.22","1,739.38","1,731.27","1.09B","0.35%"
"09.01.2020","1,729.05","1,722.19","1,731.67","1,721.04","1.15B","1.63%"
"08.01.2020","1,701.40","1,701.87","1,706.52","1,683.76","1.45B","-1.37%"
"07.01.2020","1,725.05","1,705.54","1,726.28","1,705.23","1.16B","1.62%"
"06.01.2020","1,697.49","1,699.60","1,703.87","1,690.29","1.22B","-1.39%"
"30.12.2019","1,721.36","1,727.39","1,727.85","1,718.17","796.62M","-0.68%"
"27.12.2019","1,733.18","1,735.40","1,738.18","1,731.97","825.78M","0.11%"
"26.12.2019","1,731.20","1,721.59","1,731.20","1,720.99","821.86M","0.57%"
"25.12.2019","1,721.42","1,727.08","1,728.04","1,720.64","776.59M","-0.39%"
"24.12.2019","1,728.22","1,730.83","1,732.54","1,726.55","865.85M","-0.07%"
"23.12.2019","1,729.42","1,737.50","1,737.70","1,728.10","955.78M","-0.21%"
"20.12.2019","1,733.07","1,736.98","1,738.35","1,727.13","1.32B","-0.18%"
"19.12.2019","1,736.11","1,736.73","1,741.24","1,732.38","1.16B","-0.13%"
"18.12.2019","1,738.40","1,745.69","1,746.29","1,736.30","1.28B","-0.50%"
"17.12.2019","1,747.20","1,746.28","1,747.20","1,738.68","1.29B","0.59%"
"16.12.2019","1,736.87","1,737.86","1,741.98","1,736.87","1.13B","-0.18%"
"13.12.2019","1,739.98","1,738.45","1,744.82","1,735.04","1.94B","1.59%"
"12.12.2019","1,712.83","1,718.99","1,719.21","1,708.56","1.14B","-0.12%"
"11.12.2019","1,714.95","1,720.33","1,721.82","1,712.11","1.15B","-0.34%"
"10.12.2019","1,720.77","1,720.67","1,724.08","1,719.14","1.05B","-0.08%"
"09.12.2019","1,722.07","1,726.10","1,726.20","1,713.65","1.09B","0.51%"
"06.12.2019","1,713.36","1,713.08","1,716.52","1,709.49","1.05B","0.11%"
"05.12.2019","1,711.41","1,711.94","1,714.32","1,706.68","1.15B","0.48%"
"04.12.2019","1,703.27","1,695.73","1,703.33","1,691.15","1.09B","-0.20%"
"03.12.2019","1,706.73","1,695.91","1,707.15","1,692.86","1.07B","-0.45%"
"02.12.2019","1,714.49","1,705.99","1,717.35","1,705.23","946.96M","0.89%"
"29.11.2019","1,699.36","1,712.21","1,712.83","1,698.01","994.50M","-0.51%"
"28.11.2019","1,708.06","1,712.02","1,713.40","1,703.54","925.01M","-0.17%"
"27.11.2019","1,710.98","1,710.43","1,714.60","1,709.21","1.08B","0.31%"
"26.11.2019","1,705.71","1,712.61","1,719.57","1,705.04","1.62B","0.16%"
"25.11.2019","1,702.96","1,702.98","1,705.98","1,699.80","1.01B","0.69%"
"22.11.2019","1,691.34","1,689.56","1,698.53","1,688.79","1.12B","0.12%"
"21.11.2019","1,689.38","1,686.85","1,690.85","1,665.89","1.34B","-0.10%"
"20.11.2019","1,691.11","1,689.25","1,697.27","1,684.17","1.35B","-0.33%"
"19.11.2019","1,696.73","1,696.86","1,700.51","1,691.02","1.20B","-0.23%"
"18.11.2019","1,700.72","1,696.09","1,700.72","1,693.64","1.22B","0.24%"
"15.11.2019","1,696.67","1,686.57","1,699.55","1,684.53","1.37B","0.73%"
"14.11.2019","1,684.40","1,697.84","1,699.92","1,680.04","1.40B","-0.94%"
"13.11.2019","1,700.33","1,706.55","1,707.48","1,699.56","1.22B","-0.55%"
"12.11.2019","1,709.67","1,702.55","1,711.07","1,698.93","1.26B","0.33%"
"11.11.2019","1,704.03","1,708.12","1,711.22","1,701.78","1.24B","0.07%"
"08.11.2019","1,702.77","1,711.66","1,713.79","1,698.25","1.63B","0.27%"
"07.11.2019","1,698.13","1,693.75","1,699.43","1,692.21","1.27B","0.22%"
"06.11.2019","1,694.45","1,701.35","1,701.35","1,689.04","1.39B","0.02%"
"05.11.2019","1,694.16","1,682.85","1,697.39","1,680.91","1.66B","1.66%"
"01.11.2019","1,666.50","1,653.80","1,666.50","1,653.72","1.26B","-0.03%"
"31.10.2019","1,667.01","1,666.36","1,669.91","1,660.35","1.46B","0.07%"
"30.10.2019","1,665.90","1,663.85","1,666.35","1,659.20","1.79B","0.19%"
"29.10.2019","1,662.68","1,657.26","1,664.43","1,656.78","1.32B","0.86%"
"28.10.2019","1,648.43","1,651.13","1,652.75","1,648.09","1.01B","0.00%"
"25.10.2019","1,648.44","1,646.42","1,648.62","1,641.76","1.10B","0.29%"
"24.10.2019","1,643.74","1,646.60","1,647.96","1,643.24","1.20B","0.34%"
"23.10.2019","1,638.14","1,632.82","1,638.51","1,620.04","1.19B","0.59%"
"21.10.2019","1,628.60","1,626.18","1,630.95","1,625.35","891.68M","0.41%"
"18.10.2019","1,621.99","1,628.22","1,633.36","1,619.76","1.08B","-0.13%"
"17.10.2019","1,624.16","1,628.58","1,630.57","1,624.03","1.11B","-0.45%"
"16.10.2019","1,631.51","1,637.58","1,646.09","1,627.81","1.43B","0.70%"
"15.10.2019","1,620.20","1,615.40","1,623.77","1,612.27","1.28B","1.56%"
"11.10.2019","1,595.27","1,593.54","1,596.58","1,587.36","1.20B","0.88%"
"10.10.2019","1,581.42","1,578.79","1,583.05","1,565.04","1.07B","-0.02%"
"09.10.2019","1,581.70","1,570.70","1,581.95","1,570.70","1.05B","-0.30%"
"08.10.2019","1,586.50","1,580.50","1,588.19","1,579.98","1.11B","0.87%"
"07.10.2019","1,572.75","1,576.33","1,578.75","1,569.16","921.37M","-0.01%"
"04.10.2019","1,572.90","1,564.68","1,572.96","1,561.00","1.10B","0.26%"
"03.10.2019","1,568.87","1,569.83","1,571.04","1,560.83","1.22B","-1.72%"
"02.10.2019","1,596.29","1,590.31","1,597.14","1,589.73","1.17B","-0.42%"
"01.10.2019","1,603.00","1,595.35","1,607.65","1,595.35","1.17B","0.96%"
"30.09.2019","1,587.80","1,593.18","1,596.21","1,583.02","1.26B","-1.03%"
"27.09.2019","1,604.25","1,612.10","1,613.02","1,590.82","1.35B","-1.17%"
"26.09.2019","1,623.27","1,633.91","1,635.88","1,618.88","1.43B","0.20%"
"25.09.2019","1,620.08","1,614.78","1,621.59","1,611.47","1.13B","-0.18%"
"24.09.2019","1,622.94","1,618.02","1,629.06","1,617.96","1.21B","0.42%"
"20.09.2019","1,616.23","1,622.30","1,625.17","1,613.70","1.46B","0.04%"
"19.09.2019","1,615.66","1,613.75","1,626.52","1,612.03","1.33B","0.56%"
"18.09.2019","1,606.62","1,613.31","1,614.10","1,602.45","1.22B","-0.49%"
"17.09.2019","1,614.58","1,605.64","1,619.13","1,601.73","1.34B","0.29%"
"13.09.2019","1,609.87","1,602.18","1,610.98","1,593.23","1.80B","0.93%"
"12.09.2019","1,595.10","1,592.83","1,600.62","1,588.52","1.58B","0.72%"
"11.09.2019","1,583.66","1,563.99","1,583.66","1,563.47","1.69B","1.65%"
"10.09.2019","1,557.99","1,556.24","1,561.52","1,554.87","1.42B","0.44%"
"09.09.2019","1,551.11","1,538.49","1,551.11","1,538.13","964.37M","0.91%"
"06.09.2019","1,537.10","1,541.05","1,542.38","1,535.81","1.15B","0.17%"
"05.09.2019","1,534.46","1,516.01","1,540.59","1,515.73","1.35B","1.83%"
"04.09.2019","1,506.81","1,505.66","1,510.79","1,501.11","900.11M","-0.26%"
"03.09.2019","1,510.79","1,502.57","1,514.05","1,502.47","841.23M","0.37%"
"02.09.2019","1,505.21","1,506.12","1,509.33","1,504.59","802.81M","-0.44%"
"30.08.2019","1,511.86","1,502.83","1,512.40","1,501.18","1.21B","1.46%"
"29.08.2019","1,490.17","1,492.09","1,493.33","1,481.64","991.16M","-0.01%"
"28.08.2019","1,490.35","1,489.83","1,492.47","1,487.92","957.99M","0.04%"
"27.08.2019","1,489.69","1,491.72","1,494.90","1,488.40","1.04B","0.79%"
"26.08.2019","1,478.03","1,474.18","1,480.37","1,465.30","1.14B","-1.61%"
"23.08.2019","1,502.25","1,496.80","1,503.26","1,496.80","907.10M","0.28%"
"22.08.2019","1,498.06","1,501.87","1,503.09","1,494.69","974.35M","0.04%"
"21.08.2019","1,497.51","1,491.94","1,498.04","1,491.27","901.29M","-0.61%"
"20.08.2019","1,506.77","1,498.27","1,506.77","1,497.21","924.72M","0.83%"
"19.08.2019","1,494.33","1,496.03","1,498.32","1,490.30","904.99M","0.61%"
"16.08.2019","1,485.29","1,477.83","1,488.50","1,476.00","993.92M","0.10%"
"15.08.2019","1,483.85","1,473.82","1,483.87","1,465.91","1.14B","-1.04%"
"14.08.2019","1,499.50","1,501.43","1,501.90","1,493.85","1.06B","0.87%"
"13.08.2019","1,486.57","1,489.52","1,493.88","1,481.53","1.28B","-1.15%"
"09.08.2019","1,503.84","1,509.39","1,511.19","1,503.32","1.19B","0.35%"
"08.08.2019","1,498.66","1,497.28","1,504.60","1,492.48","1.19B","-0.08%"
"07.08.2019","1,499.93","1,496.56","1,503.38","1,491.42","1.28B","0.05%"
"06.08.2019","1,499.23","1,477.18","1,500.42","1,462.41","1.52B","-0.44%"
"05.08.2019","1,505.88","1,518.35","1,521.10","1,490.25","1.47B","-1.80%"
"02.08.2019","1,533.46","1,544.79","1,545.47","1,526.03","1.54B","-2.16%"
"01.08.2019","1,567.35","1,556.12","1,568.41","1,553.02","1.36B","0.14%"
"31.07.2019","1,565.14","1,562.96","1,570.46","1,562.40","1.35B","-0.66%"
"30.07.2019","1,575.58","1,572.69","1,579.16","1,570.44","1.14B","0.45%"
"29.07.2019","1,568.57","1,569.59","1,571.61","1,563.26","962.64M","-0.19%"
"26.07.2019","1,571.52","1,572.09","1,574.28","1,564.67","926.18M","-0.40%"
"25.07.2019","1,577.85","1,577.26","1,580.85","1,575.54","986.70M","0.18%"
"24.07.2019","1,575.09","1,576.42","1,576.42","1,570.56","995.05M","0.40%"
"23.07.2019","1,568.82","1,555.69","1,572.89","1,553.40","919.51M","0.80%"
"22.07.2019","1,556.37","1,559.24","1,561.88","1,554.52","905.30M","-0.49%"
"19.07.2019","1,563.96","1,538.83","1,566.07","1,537.45","1.11B","1.94%"
"18.07.2019","1,534.27","1,557.65","1,558.66","1,531.31","1.29B","-2.11%"
"17.07.2019","1,567.41","1,563.99","1,571.10","1,560.67","1.02B","-0.08%"
"16.07.2019","1,568.74","1,571.94","1,574.56","1,565.64","1.04B","-0.48%"
"12.07.2019","1,576.31","1,582.41","1,582.41","1,572.59","1.03B","-0.15%"
"11.07.2019","1,578.63","1,572.45","1,580.25","1,571.38","1.14B","0.47%"
"10.07.2019","1,571.32","1,568.03","1,574.91","1,565.33","1.14B","-0.23%"
"09.07.2019","1,574.89","1,581.90","1,587.10","1,571.49","988.63M","-0.22%"
"08.07.2019","1,578.40","1,588.39","1,588.84","1,576.76","1.08B","-0.89%"
"05.07.2019","1,592.58","1,590.39","1,593.50","1,587.68","933.15M","0.18%"
"04.07.2019","1,589.78","1,586.37","1,589.93","1,585.11","822.01M","0.65%"
"03.07.2019","1,579.54","1,582.81","1,583.02","1,573.27","1.01B","-0.65%"
"02.07.2019","1,589.84","1,584.72","1,590.79","1,583.96","1.00B","0.31%"
"01.07.2019","1,584.85","1,573.09","1,585.31","1,568.93","1.20B","2.17%"
"28.06.2019","1,551.14","1,550.51","1,554.59","1,544.62","1.15B","-0.14%"
"27.06.2019","1,553.27","1,538.14","1,553.27","1,536.75","1.20B","1.23%"
"26.06.2019","1,534.34","1,534.94","1,539.92","1,532.23","935.01M","-0.59%"
"25.06.2019","1,543.49","1,546.40","1,555.15","1,540.13","1.03B","-0.27%"
"24.06.2019","1,547.74","1,543.57","1,549.79","1,541.15","830.01M","0.12%"
"21.06.2019","1,545.90","1,559.19","1,559.55","1,543.33","1.54B","-0.90%"
"20.06.2019","1,559.90","1,559.19","1,562.67","1,555.51","1.02B","0.30%"
"19.06.2019","1,555.27","1,546.34","1,556.16","1,544.52","1.17B","1.74%"
"18.06.2019","1,528.67","1,539.31","1,544.60","1,525.70","1.02B","-0.72%"
"17.06.2019","1,539.74","1,542.13","1,547.17","1,539.74","934.71M","-0.45%"
"14.06.2019","1,546.71","1,543.42","1,547.85","1,535.51","1.07B","0.34%"
"13.06.2019","1,541.50","1,545.50","1,548.92","1,533.01","1.17B","-0.82%"
"12.06.2019","1,554.22","1,554.98","1,563.45","1,553.99","1.06B","-0.45%"
"11.06.2019","1,561.32","1,552.28","1,562.47","1,549.76","1.00B","0.54%"
"10.06.2019","1,552.94","1,545.83","1,556.31","1,543.68","1.16B","1.34%"
"07.06.2019","1,532.39","1,529.10","1,533.19","1,525.00","1.01B","0.49%"
"06.06.2019","1,524.91","1,526.54","1,532.19","1,524.66","1.07B","-0.34%"
"05.06.2019","1,530.08","1,520.69","1,531.41","1,518.72","1.28B","2.07%"
"04.06.2019","1,499.09","1,501.41","1,503.53","1,490.42","1.24B","0.01%"
"03.06.2019","1,498.96","1,491.54","1,501.21","1,490.28","1.23B","-0.88%"
"31.05.2019","1,512.28","1,521.31","1,523.81","1,511.85","1.44B","-1.29%"
"30.05.2019","1,531.98","1,526.36","1,532.32","1,521.06","1.11B","-0.29%"
"29.05.2019","1,536.41","1,535.78","1,538.35","1,524.48","1.32B","-0.94%"
"28.05.2019","1,550.99","1,546.57","1,554.48","1,545.25","1.72B","0.26%"
"27.05.2019","1,547.00","1,542.86","1,548.96","1,539.74","901.64M","0.38%"
"24.05.2019","1,541.21","1,527.20","1,541.22","1,524.71","1.25B","0.04%"
"23.05.2019","1,540.58","1,538.92","1,544.64","1,535.66","1.16B","-0.36%"
"22.05.2019","1,546.21","1,557.01","1,558.65","1,546.09","1.20B","-0.26%"
"21.05.2019","1,550.30","1,546.85","1,553.54","1,542.49","1.25B","-0.30%"
"20.05.2019","1,554.92","1,556.02","1,563.69","1,551.29","1.18B","0.04%"
"17.05.2019","1,554.25","1,550.44","1,562.37","1,545.61","1.35B","1.09%"
"16.05.2019","1,537.55","1,543.42","1,543.42","1,527.98","1.46B","-0.43%"
"15.05.2019","1,544.15","1,539.32","1,544.15","1,528.32","1.52B","0.60%"
"14.05.2019","1,534.98","1,517.41","1,534.98","1,508.85","1.73B","-0.40%"
"13.05.2019","1,541.14","1,541.23","1,549.48","1,537.09","1.42B","-0.53%"
"10.05.2019","1,549.42","1,550.48","1,565.01","1,540.13","1.74B","-0.08%"
"09.05.2019","1,550.71","1,563.32","1,564.80","1,547.79","1.69B","-1.38%"
"08.05.2019","1,572.33","1,580.47","1,581.15","1,566.62","1.50B","-1.72%"
"07.05.2019","1,599.84","1,616.84","1,617.26","1,595.57","1.56B","-1.12%"
"26.04.2019","1,617.93","1,610.79","1,619.25","1,602.32","1.32B","-0.15%"
"25.04.2019","1,620.28","1,613.47","1,622.28","1,610.84","1.22B","0.51%"
"24.04.2019","1,612.05","1,628.96","1,629.07","1,608.80","1.21B","-0.67%"
"23.04.2019","1,622.97","1,620.72","1,624.76","1,616.14","995.23M","0.27%"
"22.04.2019","1,618.62","1,613.54","1,620.56","1,608.71","869.50M","0.10%"
"19.04.2019","1,616.93","1,621.23","1,623.52","1,615.38","928.98M","0.12%"
"18.04.2019","1,614.97","1,631.62","1,632.54","1,612.02","1.19B","-0.96%"
"17.04.2019","1,630.68","1,628.35","1,633.96","1,625.15","1.27B","0.26%"
"16.04.2019","1,626.46","1,623.29","1,632.66","1,622.94","1.05B","-0.09%"
"15.04.2019","1,627.93","1,624.25","1,632.19","1,624.18","1.23B","1.40%"
"12.04.2019","1,605.40","1,611.74","1,611.74","1,600.80","1.10B","-0.07%"
"11.04.2019","1,606.52","1,603.40","1,608.98","1,600.52","1.11B","-0.07%"
"10.04.2019","1,607.66","1,601.57","1,608.33","1,600.49","1.12B","-0.69%"
"09.04.2019","1,618.76","1,616.50","1,619.26","1,610.38","1.11B","-0.09%"
"08.04.2019","1,620.14","1,628.90","1,628.90","1,616.75","1.06B","-0.35%"
"05.04.2019","1,625.75","1,620.52","1,627.33","1,620.52","1.14B","0.35%"
"04.04.2019","1,620.05","1,621.15","1,626.00","1,617.39","1.22B","-0.11%"
"03.04.2019","1,621.77","1,614.47","1,622.19","1,607.62","1.29B","0.63%"
"02.04.2019","1,611.69","1,632.03","1,632.03","1,611.26","1.34B","-0.25%"
"01.04.2019","1,615.81","1,612.13","1,624.43","1,611.71","1.42B","1.52%"
"29.03.2019","1,591.64","1,595.58","1,597.66","1,588.12","1.17B","0.56%"
"28.03.2019","1,582.85","1,595.09","1,595.62","1,577.15","1.22B","-1.66%"
"27.03.2019","1,609.49","1,606.78","1,610.17","1,598.10","1.31B","-0.52%"
"26.03.2019","1,617.94","1,592.59","1,618.40","1,591.79","1.74B","2.57%"
"25.03.2019","1,577.41","1,593.30","1,593.40","1,571.74","1.33B","-2.45%"
"22.03.2019","1,617.11","1,617.38","1,618.14","1,610.09","1.37B","0.17%"
"20.03.2019","1,614.39","1,609.30","1,614.60","1,607.99","1.15B","0.26%"
"19.03.2019","1,610.23","1,612.36","1,612.36","1,601.73","1.10B","-0.21%"
"18.03.2019","1,613.68","1,610.74","1,613.69","1,604.47","1.03B","0.69%"
"15.03.2019","1,602.63","1,595.02","1,607.10","1,594.39","1.48B","0.90%"
"14.03.2019","1,588.29","1,603.32","1,606.37","1,588.29","1.13B","-0.24%"
"13.03.2019","1,592.07","1,600.73","1,604.58","1,585.79","1.23B","-0.84%"
"12.03.2019","1,605.48","1,596.40","1,612.08","1,595.92","1.23B","1.52%"
"11.03.2019","1,581.44","1,574.31","1,582.72","1,570.58","1.05B","0.57%"
"08.03.2019","1,572.44","1,588.15","1,590.56","1,570.39","1.67B","-1.82%"
"07.03.2019","1,601.66","1,604.85","1,605.92","1,597.42","1.25B","-0.84%"
"06.03.2019","1,615.25","1,617.00","1,617.39","1,612.28","1.02B","-0.25%"
"05.03.2019","1,619.23","1,618.35","1,621.79","1,612.78","1.11B","-0.51%"
"04.03.2019","1,627.59","1,629.43","1,629.88","1,622.38","1.13B","0.73%"
"01.03.2019","1,615.72","1,612.47","1,618.71","1,611.00","1.15B","0.50%"
"28.02.2019","1,607.66","1,618.20","1,618.20","1,606.98","1.30B","-0.79%"
"27.02.2019","1,620.42","1,619.40","1,623.37","1,619.38","1.24B","0.20%"
"26.02.2019","1,617.20","1,622.33","1,624.42","1,612.23","1.08B","-0.23%"
"25.02.2019","1,620.87","1,619.61","1,623.13","1,616.94","1.06B","0.71%"
"22.02.2019","1,609.52","1,605.99","1,610.63","1,603.02","988.67M","-0.25%"
"21.02.2019","1,613.50","1,612.88","1,619.57","1,605.05","1.20B","0.00%"
"20.02.2019","1,613.47","1,609.72","1,617.10","1,605.96","1.17B","0.43%"
"19.02.2019","1,606.52","1,599.65","1,607.16","1,599.16","1.07B","0.28%"
"18.02.2019","1,601.96","1,599.33","1,603.22","1,596.08","1.19B","1.56%"
"15.02.2019","1,577.29","1,580.00","1,580.79","1,569.22","1.28B","-0.79%"
"14.02.2019","1,589.81","1,589.43","1,596.28","1,586.90","1.35B","0.03%"
"13.02.2019","1,589.33","1,582.64","1,591.72","1,578.09","1.41B","1.06%"
"12.02.2019","1,572.60","1,547.56","1,575.52","1,545.28","1.46B","2.16%"
"08.02.2019","1,539.40","1,552.70","1,553.39","1,536.65","1.46B","-1.89%"
"07.02.2019","1,569.03","1,577.35","1,578.52","1,563.30","1.25B","-0.83%"
"06.02.2019","1,582.13","1,587.49","1,591.59","1,580.88","1.25B","-0.05%"
"05.02.2019","1,582.88","1,588.24","1,589.71","1,580.41","1.23B","0.10%"
"04.02.2019","1,581.33","1,570.36","1,583.04","1,570.36","1.33B","1.07%"
"01.02.2019","1,564.63","1,565.63","1,576.02","1,562.88","1.42B","-0.18%"
"31.01.2019","1,567.49","1,570.63","1,574.76","1,561.12","1.36B","1.08%"
"30.01.2019","1,550.76","1,559.22","1,559.95","1,549.62","1.44B","-0.41%"
"29.01.2019","1,557.09","1,548.46","1,559.19","1,541.66","1.18B","0.10%"
"28.01.2019","1,555.51","1,563.61","1,564.93","1,554.66","1.07B","-0.68%"
"25.01.2019","1,566.10","1,553.49","1,570.88","1,553.43","1.33B","0.87%"
"24.01.2019","1,552.60","1,540.72","1,552.77","1,538.04","1.15B","0.36%"
"23.01.2019","1,547.03","1,545.56","1,556.45","1,543.44","1.15B","-0.60%"
"22.01.2019","1,556.43","1,570.29","1,572.28","1,552.91","1.01B","-0.63%"
"21.01.2019","1,566.37","1,572.94","1,574.86","1,563.79","1.13B","0.56%"
"18.01.2019","1,557.59","1,547.09","1,562.64","1,546.83","1.15B","0.93%"
"17.01.2019","1,543.20","1,546.48","1,549.42","1,537.83","1.15B","0.35%"
"16.01.2019","1,537.77","1,543.17","1,543.44","1,529.85","1.21B","-0.32%"
"15.01.2019","1,542.72","1,521.83","1,544.78","1,518.75","1.35B","0.85%"
"11.01.2019","1,529.73","1,531.72","1,535.03","1,525.84","1.30B","0.51%"
"10.01.2019","1,522.01","1,523.01","1,527.82","1,514.72","1.31B","-0.85%"
"09.01.2019","1,535.11","1,533.20","1,539.47","1,531.44","1.31B","1.10%"
"08.01.2019","1,518.43","1,520.93","1,529.80","1,515.23","1.55B","0.39%"
"07.01.2019","1,512.53","1,499.42","1,521.48","1,497.97","1.42B","2.81%"
"04.01.2019","1,471.16","1,468.42","1,473.11","1,446.48","1.55B","-1.53%"